Horas_estudio,Horas_sueño,Nivel_estrés,Motivación,Concentración,Participación,Nota_final
3.29,5.77,5.96,7.93,3.52,4.81,33.24
8.49,9.02,9.53,5.88,5.37,1.75,48.16
6.71,8.2,1.59,6.01,4.3,7.98,57.92
2.23,7.55,6.93,7.83,10.0,3.14,43.39
4.55,7.09,1.62,7.01,7.32,3.75,53.4
10.13,8.37,3.34,6.93,6.43,4.7,71.2
0.0,7.53,2.09,7.55,5.02,4.64,32.21
4.93,7.4,2.8,5.25,3.84,5.02,39.74
9.16,7.69,6.89,3.08,6.01,2.22,43.02
3.83,9.67,5.31,6.6,5.28,3.87,42.89
4.3,8.32,0.84,4.95,6.02,4.06,47.6
5.76,8.1,1.11,7.54,7.86,4.01,69.63
9.73,10.07,9.07,8.66,5.65,5.68,79.03
4.4,7.6,0.22,6.71,2.54,4.96,41.78
4.89,10.15,9.44,4.88,5.47,6.55,38.74
4.91,6.99,2.63,6.81,7.43,6.6,56.1
11.51,8.8,5.15,5.72,2.52,3.75,56.62
11.47,7.52,5.67,8.72,2.2,4.79,67.7
8.51,7.9,3.56,7.01,8.58,2.65,56.64
6.97,7.04,6.7,8.81,6.38,5.45,57.86
7.84,7.56,4.27,5.77,8.21,3.47,57.54
9.73,6.95,2.37,6.97,4.7,6.2,65.15
3.66,8.6,2.62,5.86,3.17,1.54,33.49
8.94,6.76,4.02,7.73,5.64,1.82,52.33
2.87,8.8,9.77,6.56,8.79,4.82,36.4
4.41,11.52,5.05,5.92,3.3,6.26,43.73
8.27,5.67,3.16,4.88,5.47,7.64,52.64
2.43,4.44,1.32,8.26,9.85,4.24,52.79
5.65,6.52,4.88,7.93,5.35,3.3,47.49
3.85,9.11,3.38,6.16,4.81,4.68,51.47
5.36,6.93,0.0,5.87,6.39,4.19,55.61
0.0,8.87,6.55,7.73,7.0,3.03,22.24
1.57,9.42,7.33,8.88,10.0,4.4,43.97
4.25,7.62,6.6,1.63,7.36,5.04,23.16
8.32,9.33,10.0,8.7,6.98,1.55,55.47
5.57,4.6,6.24,7.48,5.43,8.03,50.09
6.01,9.25,4.09,7.74,5.36,4.74,63.36
7.72,9.2,6.67,6.35,5.66,4.91,54.9
3.8,7.85,7.5,5.5,8.35,3.79,37.12
6.71,9.51,4.75,7.47,7.13,4.54,69.72
3.99,10.16,5.82,4.53,4.01,2.56,28.08
1.68,10.9,4.68,8.96,8.6,4.75,62.25
5.02,10.91,9.15,7.74,10.0,6.03,67.73
7.43,8.08,8.86,5.46,8.96,3.83,48.42
6.85,7.79,4.34,7.89,7.19,5.0,61.46
5.97,7.88,2.68,4.75,4.93,4.02,49.9
11.98,3.99,4.74,7.94,9.1,2.4,69.18
7.03,9.05,0.06,8.17,3.51,5.51,67.23
8.45,11.52,7.35,7.08,7.17,8.2,75.2
11.6,8.85,7.69,7.87,5.25,4.27,69.06
2.76,5.87,1.95,5.53,2.34,6.12,26.93
3.4,6.51,7.57,3.22,6.65,4.45,26.71
10.36,6.59,4.36,8.08,8.89,6.66,82.75
4.0,10.49,10.0,8.51,6.1,3.78,45.5
6.07,8.75,10.0,8.89,6.98,5.44,47.54
8.67,8.96,4.36,6.75,3.8,7.99,67.61
8.23,8.53,0.46,5.46,5.48,5.73,61.07
10.39,6.33,8.86,3.35,2.7,2.79,32.38
9.74,6.58,10.0,10.0,6.35,5.46,62.83
8.67,9.02,7.37,8.02,6.74,4.37,60.42
4.07,8.13,5.12,7.62,3.76,5.11,46.1
7.99,5.21,8.39,6.01,5.36,6.22,43.07
6.79,9.18,1.61,7.31,7.86,5.71,73.28
2.68,10.13,8.31,7.29,9.03,5.17,50.73
9.54,8.01,2.89,6.38,3.62,3.94,57.05
8.02,7.53,4.44,7.51,9.21,6.62,67.89
6.11,10.05,8.9,7.01,6.92,5.0,48.56
5.42,7.71,8.81,9.4,8.81,5.3,57.45
3.0,7.08,4.56,4.51,4.39,4.67,27.32
6.5,5.69,3.09,6.38,3.35,5.07,38.75
7.17,7.26,5.42,7.12,7.39,4.03,54.29
3.92,10.8,2.34,7.1,6.23,0.55,48.16
8.91,9.75,8.64,2.89,3.81,6.0,40.64
3.26,8.18,2.99,6.7,7.78,7.67,53.58
0.69,7.99,1.97,7.8,6.39,6.74,46.44
8.6,9.48,7.63,2.84,5.53,5.3,53.31
4.99,8.15,6.07,8.96,2.5,5.88,45.2
5.68,6.1,3.19,8.04,7.06,5.87,58.85
3.91,8.22,3.39,10.0,7.12,7.55,65.46
1.99,8.26,4.35,5.62,5.4,3.08,25.97
9.14,8.02,2.29,5.67,4.21,6.87,64.33
4.28,8.39,5.53,5.21,6.19,6.76,46.13
10.15,6.96,4.4,6.48,10.0,3.6,76.89
8.02,8.23,0.08,6.46,8.52,4.46,75.79
5.21,5.6,3.75,3.95,4.81,0.0,25.5
3.29,6.62,9.28,5.47,6.8,1.98,16.57
4.17,7.63,2.21,8.17,5.36,3.79,53.45
2.97,8.9,3.23,5.82,7.1,3.93,41.7
11.22,7.55,3.8,9.38,7.78,4.29,86.14
6.41,8.66,4.68,4.77,9.89,6.4,62.77
8.88,9.53,0.86,7.94,6.5,5.88,85.31
2.83,11.63,2.65,5.74,1.97,2.11,34.71
6.45,7.56,4.42,7.39,5.96,5.33,51.84
8.94,7.03,6.86,7.08,3.82,4.06,45.22
5.16,8.06,6.51,7.81,5.87,5.26,52.54
8.58,8.3,5.73,3.92,6.79,5.55,53.99
3.29,8.82,5.75,7.99,8.17,6.0,54.49
2.59,9.22,2.09,7.15,9.18,6.17,63.5
6.95,7.58,0.0,6.95,8.56,5.88,76.5
5.05,9.09,0.76,9.05,4.95,6.9,69.35
7.61,8.12,6.06,9.35,4.36,6.27,61.3
1.06,9.84,6.42,9.33,6.2,3.81,43.52
7.78,7.58,2.06,4.94,7.16,7.26,64.47
12.5,8.21,10.0,8.51,8.5,5.38,75.24
5.94,8.41,9.92,6.39,5.14,6.88,32.57
6.09,9.7,2.41,5.17,5.8,5.67,56.26
6.45,7.99,5.28,6.77,5.21,5.88,52.68
1.35,6.45,8.23,5.01,4.03,5.87,6.96
7.07,5.46,9.47,6.66,7.36,2.72,46.04
1.99,9.55,5.68,8.09,6.62,3.97,50.41
4.93,8.96,3.55,6.3,7.56,4.1,54.83
9.11,10.49,6.75,7.49,6.37,7.74,76.81
4.16,8.14,6.53,9.02,6.35,10.0,55.87
7.25,8.13,10.0,7.53,8.01,2.44,54.97
8.53,8.27,7.31,9.77,2.26,5.51,55.6
6.7,7.2,6.5,7.61,4.29,2.6,46.77
2.57,6.94,4.89,5.09,6.95,0.17,27.14
5.17,8.66,6.61,6.09,6.82,6.4,46.2
10.9,9.77,0.0,6.95,5.17,1.84,77.75
0.94,8.91,5.8,7.37,4.17,6.14,32.1
5.31,7.28,6.94,8.46,8.83,3.23,48.21
4.62,8.64,0.19,5.48,4.15,4.2,47.1
6.3,8.26,1.84,6.61,7.26,4.2,62.06
7.87,7.15,0.0,7.51,2.52,7.69,67.14
10.02,6.17,6.6,7.51,5.12,3.45,56.88
5.32,6.75,7.46,9.76,7.19,1.82,43.06
8.03,9.79,0.74,4.4,2.59,4.49,55.0
7.25,8.38,4.09,7.93,6.68,4.05,61.88
7.19,7.09,2.0,7.45,8.12,5.03,67.11
4.59,8.11,6.65,7.44,7.37,4.97,44.13
3.51,8.92,2.1,9.4,4.18,10.0,62.14
3.25,7.19,2.33,6.09,4.62,2.72,30.36
4.11,6.85,6.25,4.93,7.47,3.2,33.05
6.8,5.34,10.0,4.72,6.67,4.66,30.06
7.9,9.63,2.56,6.19,8.5,8.36,81.11
6.81,8.88,2.97,7.42,3.25,10.0,66.81
4.63,9.0,4.1,7.07,3.27,4.83,43.45
10.51,8.84,6.76,9.49,4.7,8.37,72.9
9.8,4.96,5.56,5.12,4.01,1.82,39.22
5.11,8.16,3.07,7.09,5.25,4.68,55.76
3.94,8.67,3.63,5.65,5.99,2.77,38.04
6.33,8.11,3.34,5.79,3.02,7.92,48.67
9.17,4.47,1.7,7.77,5.29,5.77,66.1
6.83,7.81,8.0,8.45,6.4,7.74,65.61
7.39,7.61,3.89,6.93,4.55,0.83,46.15
5.47,9.56,6.54,5.86,5.57,8.04,58.9
7.14,7.84,3.14,5.31,6.81,7.45,68.61
9.86,7.22,5.32,6.56,6.6,5.97,69.16
5.4,7.22,8.21,6.72,7.56,4.03,40.71
6.36,9.08,9.44,8.22,8.05,3.93,49.41
6.63,9.01,7.9,5.08,6.67,7.3,47.88
6.71,7.68,2.29,9.8,5.27,2.48,59.99
2.47,7.4,0.61,10.0,6.29,6.64,63.99
1.31,4.55,4.92,7.26,7.09,5.56,32.66
3.45,4.94,6.5,7.33,8.15,4.32,32.93
6.42,6.75,10.0,7.35,10.0,4.67,53.68
7.38,7.78,4.75,7.87,6.55,9.15,68.49
4.67,6.81,7.4,5.71,6.07,2.81,26.44
9.44,5.73,5.85,7.24,3.96,6.23,49.54
5.64,7.94,1.35,6.77,2.1,3.23,38.94
6.05,7.97,6.94,6.36,9.85,5.56,60.88
5.52,9.96,4.61,8.49,9.68,5.13,69.99
6.34,7.46,7.61,5.8,8.96,3.38,39.82
7.76,7.65,0.89,8.44,6.78,4.13,68.85
7.66,6.92,7.46,7.62,8.18,5.52,60.9
3.75,11.91,4.64,8.55,7.61,5.46,60.46
9.81,8.97,3.47,6.84,5.78,3.88,65.59
3.26,6.76,9.73,6.37,4.46,3.46,16.44
6.2,5.05,7.47,6.91,5.54,3.6,36.24
5.31,6.07,7.41,8.46,6.28,5.59,43.67
3.38,6.62,4.59,9.19,2.43,3.82,31.51
5.81,5.96,1.52,8.28,7.54,5.49,63.8
4.15,7.82,1.15,3.85,6.14,4.3,50.55
6.18,6.47,4.02,8.68,2.83,8.55,58.11
7.01,5.59,0.83,7.05,6.84,5.89,60.8
9.68,8.96,3.58,7.06,6.21,5.82,74.61
6.77,5.69,4.87,3.38,9.27,6.92,52.19
4.47,4.17,3.95,5.95,4.58,4.96,28.15
5.02,9.41,5.59,8.02,0.5,5.19,39.43
6.35,10.69,0.0,5.36,4.33,4.9,65.0
6.23,8.06,7.38,3.17,6.8,3.2,27.23
9.65,9.03,4.64,6.87,6.27,5.54,71.81
9.49,9.01,6.72,5.42,4.65,4.85,48.63
5.1,11.53,3.89,7.77,6.85,6.55,70.0
4.63,6.51,4.57,8.4,5.31,6.99,46.56
0.0,7.32,1.67,7.2,2.25,8.04,30.31
4.63,7.34,5.72,6.61,5.08,4.94,42.09
3.55,8.08,2.86,6.11,9.99,7.8,64.13
5.11,7.69,5.76,7.13,7.08,3.41,43.1
6.98,7.88,7.58,5.85,5.44,6.32,41.06
6.44,8.21,5.49,7.22,4.36,5.55,51.48
5.93,10.97,10.0,8.57,5.85,1.62,43.29
6.5,8.41,6.26,6.72,6.86,10.0,66.55
5.68,9.24,4.85,7.28,7.13,5.77,59.62
6.49,9.0,5.61,7.73,5.74,4.85,63.92
0.0,8.53,5.52,6.18,8.14,4.82,32.12
5.33,7.6,6.91,7.08,3.79,5.9,39.15
5.72,9.21,3.24,5.93,4.34,9.04,63.65
5.15,5.37,6.05,5.7,6.6,5.73,39.22
5.46,10.31,2.22,7.98,2.86,7.43,62.31
7.76,9.0,5.44,5.29,3.24,4.88,41.62
4.5,8.15,6.98,6.96,7.76,9.51,57.32
11.5,7.98,7.64,6.56,6.48,2.4,59.93
7.72,8.33,3.9,5.77,5.15,10.0,65.8
5.98,9.22,8.62,7.52,4.74,5.46,46.26
5.48,8.69,4.36,4.72,4.08,3.9,41.23
5.78,10.05,1.41,5.33,3.81,4.46,53.97
3.71,10.57,5.36,5.62,2.71,5.9,32.81
5.76,9.64,7.2,5.13,4.58,7.11,42.8
6.7,5.76,2.9,6.1,8.5,4.87,58.32
7.45,7.22,0.91,7.05,6.27,4.89,65.08
7.45,9.47,5.0,6.94,4.4,7.46,63.31
5.31,11.2,4.69,7.2,4.91,4.53,52.42
2.46,7.12,2.64,6.46,6.54,8.39,54.21
4.33,8.9,9.0,7.01,5.89,3.84,38.36
10.03,9.84,7.45,8.94,6.11,7.19,84.98
8.24,8.16,8.02,4.17,0.78,5.75,38.21
6.92,6.17,1.14,7.4,8.31,6.44,69.24
4.1,10.93,4.15,6.62,6.4,10.0,62.39
6.01,6.7,3.55,6.4,6.16,2.72,47.12
2.86,6.89,3.87,5.71,8.42,4.83,46.08
4.62,8.4,8.07,3.98,3.55,3.76,26.43
5.39,8.08,3.3,6.96,4.2,6.53,55.5
5.1,6.62,3.07,5.12,8.76,5.97,57.0
8.39,10.51,8.1,8.03,5.06,3.15,56.4
2.45,8.78,10.0,5.74,4.7,2.76,20.31
3.84,9.36,8.91,6.01,4.39,6.28,33.72
2.56,7.94,2.29,6.38,4.09,5.97,40.37
2.91,7.99,0.0,7.8,6.39,1.67,53.02
6.31,9.98,2.68,8.06,8.42,6.48,80.49
2.0,7.22,4.61,7.95,5.08,5.93,35.09
7.88,7.47,5.97,6.08,6.66,5.38,60.48
5.38,8.7,3.48,8.0,6.57,4.87,61.38
6.17,9.36,8.44,4.84,6.11,4.4,40.43
6.81,9.36,6.73,7.88,7.63,3.29,53.65
4.91,6.59,5.04,7.55,7.96,5.56,51.47
8.58,6.37,0.76,7.79,8.61,6.07,81.89
5.51,6.73,8.48,5.79,7.72,0.0,29.16
7.49,9.33,4.87,6.66,9.61,3.53,65.85
5.5,9.32,0.0,8.89,3.11,6.77,68.68
6.73,8.48,8.68,4.66,5.53,6.81,42.87
6.7,8.45,10.0,7.31,4.65,3.37,46.05
6.62,5.52,4.33,6.35,4.34,3.75,37.97
3.56,8.48,1.94,6.77,6.82,3.95,50.69
7.09,5.64,8.34,7.43,6.08,6.08,46.43
5.2,9.24,9.29,5.36,10.0,3.76,47.34
7.58,7.53,7.13,7.81,3.83,4.14,46.36
0.62,8.36,0.0,5.38,1.88,7.49,34.26
2.34,7.68,3.08,6.62,8.8,4.07,48.23
6.91,7.88,2.28,4.5,7.68,3.58,59.1
10.66,6.33,6.7,6.98,5.18,4.26,47.39
8.09,7.75,9.42,4.99,4.94,7.34,38.53
4.29,7.91,5.03,7.54,4.44,3.62,35.46
1.77,8.31,4.54,9.94,7.56,4.42,54.02
7.86,8.82,0.56,6.39,10.0,7.19,86.2
5.8,8.72,1.01,5.54,5.94,3.63,56.48
7.48,8.4,5.01,6.48,3.21,5.7,53.13
6.29,7.02,9.3,7.35,4.58,4.26,34.54
6.07,6.05,3.52,5.18,3.43,3.75,38.29
13.4,6.5,3.26,6.72,5.25,2.77,73.64
5.98,6.77,1.73,9.88,3.52,2.08,55.79
5.6,9.27,1.18,7.91,6.46,5.76,66.33
5.7,9.61,7.87,5.53,8.37,6.75,50.53
4.54,6.81,4.24,7.22,5.13,0.0,29.15
8.48,6.26,7.46,6.5,4.55,8.83,54.7
5.12,5.57,0.0,6.11,7.23,4.58,46.99
7.59,7.06,3.92,5.59,4.16,5.96,51.67
6.71,8.62,9.51,9.8,3.75,4.8,55.83
9.05,6.37,1.51,3.38,5.13,6.12,55.94
7.05,9.78,1.93,8.33,6.22,2.43,68.69
2.97,8.55,4.62,6.22,6.85,3.85,40.08
2.68,9.6,4.97,9.12,7.5,3.54,52.23
9.52,6.81,5.86,5.08,7.26,3.36,54.09
4.48,9.07,4.64,7.8,9.01,4.85,58.28
2.7,6.34,5.17,8.58,8.61,7.51,50.46
4.33,9.04,5.02,7.14,7.58,7.49,57.73
9.16,10.16,2.24,7.43,8.92,5.11,86.92
2.45,10.14,3.66,5.72,0.64,3.46,20.14
3.83,7.2,0.98,6.04,5.67,5.54,43.41
4.33,6.68,5.56,6.43,6.03,5.1,34.07
2.87,7.75,2.34,7.39,5.54,3.65,38.97
3.04,10.36,6.62,4.91,5.74,4.46,35.9
2.2,5.96,6.57,4.1,6.22,5.17,16.78
4.85,5.73,0.0,5.68,7.76,5.91,56.63
5.11,4.93,7.5,7.76,7.66,2.1,48.4
4.29,8.14,7.04,5.94,7.9,3.96,44.79
1.87,5.45,5.32,6.09,9.04,10.0,51.36
9.13,9.79,0.0,7.52,8.25,4.56,83.32
2.68,10.46,0.0,7.01,4.53,5.13,62.46
6.7,7.79,7.38,7.32,4.79,4.84,53.06
3.31,11.59,3.46,7.64,4.35,7.04,53.58
7.67,8.35,5.87,6.4,5.34,3.38,45.79
8.39,7.24,0.0,5.21,8.3,2.82,68.58
3.81,7.22,6.43,4.69,4.88,6.07,28.29
1.19,10.15,2.79,4.51,7.06,5.07,42.62
7.74,9.19,2.7,8.01,3.89,5.72,66.74
10.69,4.95,7.93,4.52,5.53,3.44,45.52
7.04,5.18,3.91,8.06,5.9,7.74,65.85
6.4,5.8,6.06,6.19,9.7,6.09,55.91
8.05,7.11,2.43,7.61,1.75,5.56,57.45
7.91,6.05,10.0,7.74,7.23,7.1,51.6
3.93,6.85,2.57,6.77,8.63,9.17,63.21
4.35,6.77,7.37,7.57,4.18,9.31,46.39
7.53,6.32,3.41,7.44,4.41,3.08,44.49
5.64,11.18,5.44,8.61,3.65,4.87,55.63
9.29,10.13,4.4,4.92,8.57,5.2,76.61
4.24,10.67,4.22,7.26,4.88,5.34,53.38
7.88,10.52,4.06,6.23,9.06,5.65,65.4
6.86,7.89,2.28,6.08,8.34,7.29,71.47
5.68,8.17,6.16,6.21,7.19,3.84,47.34
8.94,6.61,5.67,8.91,6.05,5.74,65.43
7.7,8.22,4.81,4.9,4.47,6.45,54.5
3.49,6.5,8.95,6.74,7.29,4.83,41.62
7.6,5.6,7.49,5.99,5.15,3.01,37.11
9.44,6.85,2.89,8.28,8.08,4.48,73.3
5.67,9.31,5.37,5.49,4.53,10.0,54.92
5.38,8.15,8.15,6.58,4.01,9.85,49.3
4.33,8.9,4.62,8.4,7.01,2.69,47.1
5.97,8.03,5.05,8.42,4.4,5.12,56.99
7.72,6.62,3.79,6.74,2.63,4.81,43.68
3.96,8.78,3.57,7.0,5.66,8.77,53.41
2.63,8.14,7.61,7.92,9.0,4.36,41.95
5.06,9.97,5.66,6.85,7.08,5.79,58.22
2.55,10.03,6.9,5.82,7.38,3.44,36.41
7.31,7.56,5.48,4.82,5.9,5.7,47.25
4.93,8.18,3.61,7.27,3.59,5.13,48.89
1.61,6.66,1.83,5.31,10.0,7.57,53.09
5.13,6.71,3.97,7.35,8.5,4.25,52.64
5.52,7.14,6.67,5.4,4.84,6.76,37.58
7.12,8.74,6.32,7.32,9.31,2.64,62.72
5.64,7.22,0.19,6.09,6.5,3.6,57.45
10.67,10.32,10.0,5.89,6.62,6.37,70.28
4.7,8.71,3.08,10.0,6.1,7.61,75.7
5.84,7.6,4.73,6.54,4.96,6.47,48.43
5.74,9.52,5.64,8.99,6.38,4.42,61.67
5.29,6.9,10.0,4.32,4.5,7.77,26.81
6.36,7.03,2.49,5.87,2.04,6.66,45.67
7.35,10.02,2.56,8.8,6.11,5.48,75.1
9.35,6.04,2.04,6.17,4.99,10.0,78.76
2.08,7.78,5.67,7.94,6.84,3.66,40.9
4.72,7.43,6.68,4.43,5.14,7.92,42.13
4.88,6.9,5.52,6.87,5.77,2.13,42.25
8.34,9.48,10.0,6.21,10.0,1.09,50.79
5.11,9.29,3.98,7.73,7.74,5.28,65.06
1.26,9.02,5.64,5.48,9.08,3.99,38.67
6.22,8.03,0.0,5.57,5.29,9.26,67.36
5.92,8.96,0.0,7.75,6.06,5.17,70.86
6.45,5.0,6.56,6.93,4.45,2.95,34.59
3.4,7.39,6.57,8.67,7.24,3.26,32.47
10.3,8.06,1.53,5.16,4.72,7.62,79.47
5.19,7.12,4.81,7.74,8.67,9.28,69.27
5.53,8.28,6.81,6.58,10.0,6.71,55.69
3.75,11.57,4.07,4.56,5.01,3.92,46.47
3.67,8.17,2.54,7.01,6.22,7.73,58.65
2.94,8.62,4.78,5.69,5.76,2.8,34.58
5.02,8.3,10.0,6.49,8.03,1.83,40.36
3.61,6.2,7.43,4.16,6.23,5.01,24.04
11.14,5.77,3.68,4.96,9.99,3.89,68.65
1.28,5.57,7.69,8.45,6.33,5.39,26.46
3.18,8.42,5.81,7.88,3.36,2.57,28.88
5.0,4.94,5.23,5.8,6.52,3.38,35.16
7.68,8.96,6.01,7.65,4.79,5.81,64.16
4.97,7.7,6.03,5.2,3.89,4.76,37.69
7.69,8.68,1.06,5.2,6.27,1.46,54.31
3.53,6.01,5.78,6.23,7.13,6.44,40.06
6.15,10.33,3.95,6.52,6.51,7.27,68.71
10.36,7.91,4.86,5.0,3.25,6.12,54.79
3.58,5.16,2.21,6.48,4.82,9.62,41.9
7.05,9.85,6.17,8.21,6.79,9.97,80.18
6.52,6.09,5.6,8.53,5.06,6.06,54.64
0.37,6.17,4.91,5.66,9.27,6.0,34.26
4.53,6.2,5.8,6.3,6.76,3.17,35.38
8.83,7.53,6.07,5.01,2.36,5.82,49.79
6.34,8.88,7.77,6.66,6.03,4.93,50.83
2.97,8.84,0.67,3.77,4.62,2.35,35.48
7.73,11.78,10.0,7.69,6.19,1.83,51.9
4.8,7.0,5.2,7.36,7.68,5.92,52.9
6.9,7.31,3.86,7.06,2.22,3.25,47.01
6.94,5.95,7.68,7.8,3.77,4.02,40.38
3.2,6.35,4.82,5.02,5.18,0.61,19.0
7.97,9.68,9.98,8.44,7.01,3.36,52.95
3.48,7.25,5.62,7.69,8.86,7.04,61.09
2.74,8.68,7.94,6.32,8.46,3.98,33.35
3.79,8.05,5.12,8.66,3.34,6.8,49.12
5.13,6.42,4.0,7.42,6.92,4.51,51.64
6.27,6.76,7.09,7.16,6.67,1.28,46.11
4.07,5.19,9.5,6.85,5.68,5.46,28.02
7.86,7.7,8.65,7.47,7.26,7.87,63.81
6.63,8.12,6.97,8.1,4.58,6.98,59.3
4.26,7.54,7.55,3.81,5.37,7.32,31.45
8.22,9.49,8.09,4.96,8.56,4.28,48.82
8.9,6.01,8.1,6.98,7.25,0.56,49.28
5.75,8.07,8.38,6.89,0.87,6.52,35.57
5.46,6.49,0.0,5.39,6.14,1.59,48.42
1.57,8.57,2.96,7.64,3.94,3.42,33.52
4.98,6.65,7.36,4.18,9.34,3.94,38.33
5.27,9.22,7.2,8.29,7.95,3.94,47.54
6.61,8.96,0.0,8.1,5.46,8.0,84.28
5.58,8.5,4.24,6.01,7.99,7.22,64.72
6.61,8.39,0.22,6.76,4.84,2.14,58.68
9.84,8.43,1.17,6.11,7.84,7.67,87.2
4.68,8.5,5.16,6.44,6.65,1.63,43.49
4.77,8.8,3.09,8.01,7.49,7.52,72.75
2.73,7.47,3.53,7.79,3.03,4.39,39.38
5.98,6.32,3.7,6.99,6.66,6.76,56.86
8.44,7.93,5.73,4.16,4.42,7.18,47.91
1.62,8.77,7.47,9.59,5.08,6.8,44.66
4.34,8.77,2.15,7.57,5.38,6.22,56.08
6.09,10.6,4.48,6.48,5.43,7.14,65.83
8.13,7.25,5.88,9.25,5.07,6.11,63.49
6.96,5.88,4.1,5.51,6.13,1.59,39.53
6.81,7.18,7.21,5.58,6.46,7.57,44.61
5.44,7.37,5.12,9.41,4.43,8.41,61.49
7.2,6.79,8.59,7.48,5.29,5.71,50.7
8.54,6.44,1.8,7.09,6.32,3.13,64.42
1.73,7.8,10.0,7.57,8.71,6.91,39.63
7.82,7.9,3.19,7.82,5.03,5.77,66.7
5.75,6.44,9.2,6.25,8.28,2.67,38.45
4.68,6.28,8.42,4.88,3.77,7.0,27.01
0.0,8.55,10.0,8.88,4.4,2.8,18.44
2.55,8.71,7.39,7.38,6.68,2.3,36.58
10.25,6.77,2.9,8.25,7.1,4.69,71.86
4.28,7.74,0.0,5.62,4.13,7.32,56.42
3.29,8.74,2.77,7.51,3.78,6.7,55.31
4.86,8.2,8.24,4.09,9.84,5.84,49.72
4.14,10.34,5.71,5.79,6.33,5.48,36.89
6.31,5.99,1.92,6.75,4.43,6.62,52.28
9.79,5.66,1.35,6.86,7.1,8.01,69.55
4.53,9.08,1.5,8.96,8.73,4.62,76.16
6.39,8.53,3.57,4.84,8.48,6.36,67.65
3.13,7.18,4.54,6.82,3.34,5.26,27.76
9.8,9.63,9.59,7.39,4.63,3.39,56.13
6.47,7.03,5.86,8.53,4.44,4.58,54.01
3.3,8.77,3.23,4.33,6.58,6.97,41.41
8.26,7.73,6.13,7.79,5.91,4.61,51.48
9.0,6.84,2.61,7.77,3.64,4.91,60.01
6.4,7.36,9.5,3.66,4.64,5.77,24.19
1.9,9.76,0.48,8.58,4.75,6.68,55.73
10.46,7.42,6.77,9.49,3.25,5.33,59.63
6.78,10.26,0.95,6.2,8.55,3.21,69.47
8.93,8.23,3.74,9.55,5.63,1.08,59.56
4.62,7.62,6.93,7.29,5.15,6.48,51.16
5.0,6.49,6.33,3.87,8.78,4.97,35.13
6.28,9.01,4.36,6.54,3.23,3.79,45.27
8.78,8.31,5.29,7.98,7.1,4.17,68.66
6.36,7.88,0.35,7.48,8.94,7.01,74.38
2.86,8.15,0.48,8.76,7.49,4.45,61.92
6.65,7.82,6.64,6.83,10.0,5.14,59.57
10.07,6.21,10.0,4.34,5.03,4.65,43.5
6.16,8.98,7.5,8.86,5.32,5.71,53.44
6.32,10.79,5.76,6.5,6.12,0.0,44.03
2.84,10.55,8.0,10.0,6.42,7.91,69.15
2.49,8.16,5.43,7.15,4.39,3.73,36.02
4.41,7.62,7.71,7.91,7.53,5.79,49.82
5.18,8.13,6.2,5.27,4.94,5.4,36.62
6.26,7.07,5.36,3.35,4.85,2.22,23.29
6.41,8.42,0.27,7.25,3.11,4.08,60.45
10.0,8.56,6.11,7.21,8.99,7.75,79.69
6.15,6.2,6.08,6.71,6.82,5.81,42.08
8.66,7.51,7.31,7.06,5.35,7.25,63.58
5.9,9.31,4.62,7.77,3.13,10.0,61.8
9.62,9.35,5.98,7.09,8.92,5.74,73.81
1.32,6.11,3.48,9.11,5.15,4.27,34.35
4.5,9.64,9.71,7.39,5.34,3.68,33.54
8.46,7.57,3.47,8.92,6.08,5.17,69.99
5.57,7.96,3.29,8.59,8.21,5.92,70.13
8.33,7.76,5.14,9.38,7.89,3.79,64.38
6.96,4.83,0.0,7.38,5.64,8.82,69.4
8.36,8.63,2.37,9.12,7.82,3.86,82.88
7.53,5.59,0.17,6.99,6.64,3.6,59.35
7.68,9.25,9.96,6.45,3.65,5.33,45.8
9.73,6.05,6.23,5.43,4.54,5.42,51.21
8.47,9.59,3.39,5.63,5.82,2.35,62.92
8.48,8.35,2.07,4.21,5.06,4.96,52.9
6.05,8.91,10.0,9.97,6.15,3.65,53.09
4.55,6.92,0.14,7.88,5.97,5.4,64.61
4.35,5.29,5.05,9.65,10.0,4.2,53.34
7.88,6.53,8.97,6.21,5.32,8.3,41.55
0.0,8.48,3.12,5.08,7.76,6.38,34.36
2.73,8.69,2.02,7.13,4.55,5.76,54.99
3.59,6.71,1.05,6.53,6.6,4.05,46.68
5.38,9.99,7.5,8.69,3.86,2.23,42.55
0.0,7.97,2.87,6.68,7.36,6.53,35.89
9.15,5.54,2.13,6.52,5.05,3.01,55.45
7.5,8.4,0.0,10.0,5.04,3.02,74.64
10.96,6.84,3.02,4.27,5.64,5.08,63.25
8.66,9.23,7.38,6.57,4.34,6.67,60.71
8.58,8.34,6.85,8.03,10.0,2.55,66.04
11.63,8.23,4.85,6.22,8.86,2.03,74.79
4.57,7.57,3.26,6.25,8.35,7.55,60.76
2.24,9.68,2.84,8.93,9.23,3.41,64.64
5.42,6.64,0.53,10.0,5.77,4.18,66.0
3.94,8.5,6.09,8.53,8.9,7.0,65.34
5.36,8.06,5.32,6.01,5.5,7.29,54.79
3.37,6.45,4.72,9.65,3.46,0.5,35.42
7.42,7.89,5.9,8.14,0.56,3.21,34.7
7.28,6.58,7.33,7.87,10.0,5.46,69.2
5.93,11.06,6.77,4.59,5.27,6.36,49.18
6.78,9.52,0.0,6.41,4.97,8.15,71.35
5.64,5.55,3.98,8.72,3.16,6.09,49.26
7.88,7.32,5.9,6.52,9.0,4.7,58.73
6.17,8.91,4.81,7.75,5.65,2.73,53.22
5.34,9.76,3.18,7.2,7.12,10.0,73.48
8.32,9.31,4.31,7.6,6.29,6.22,73.85
9.15,10.86,10.0,6.6,6.78,6.98,69.21
9.34,8.2,8.99,8.47,7.26,8.0,71.06
3.52,9.92,5.24,9.61,6.48,4.96,61.45
4.66,6.26,3.82,4.65,6.4,3.74,31.12
1.75,9.31,6.56,6.58,5.61,2.88,32.19
5.4,7.69,7.81,8.11,6.24,4.98,46.05
7.04,7.78,6.06,8.92,6.77,8.67,72.21
5.67,10.07,1.81,5.88,6.2,4.7,61.49
10.83,9.45,5.16,7.26,3.54,3.33,63.47
4.99,7.75,5.48,3.48,6.29,3.67,31.43
3.28,11.83,1.71,6.3,7.91,7.77,81.01
7.42,9.89,5.45,10.0,4.61,6.45,73.27
6.37,7.34,6.86,6.99,3.66,3.39,30.43
7.37,4.37,6.68,4.07,8.08,1.51,28.73
6.76,8.42,9.01,8.35,5.24,3.84,54.16
6.61,7.41,0.98,6.86,3.3,2.85,49.36
0.69,7.06,5.75,7.82,5.17,5.55,27.86
4.18,7.26,3.51,7.59,5.45,9.25,48.55
4.52,8.23,7.59,7.34,5.91,6.81,47.62
5.13,9.97,8.06,5.78,4.24,1.64,32.96
4.88,6.53,0.99,4.57,7.53,3.62,45.3
7.03,7.89,3.92,7.13,5.36,5.27,56.18
7.5,7.7,2.08,8.36,4.66,7.45,67.12
3.17,6.76,4.71,5.77,7.02,7.07,44.03
7.72,8.42,4.84,5.84,3.43,9.54,55.7
7.46,10.66,8.92,7.72,8.49,3.08,63.85
7.16,8.92,6.48,9.85,4.55,6.46,60.22
2.46,8.11,8.16,9.61,6.39,3.1,37.93
7.1,7.34,7.88,5.41,7.71,7.22,49.85
6.21,8.07,1.84,7.94,7.92,2.0,72.24
8.4,5.42,5.15,7.27,5.1,4.61,53.65
10.46,7.91,7.85,7.67,7.01,3.82,64.06
9.97,7.71,9.16,6.87,6.44,6.22,57.26
6.28,8.72,7.26,6.26,5.91,2.33,37.18
6.0,9.42,0.0,8.75,7.43,4.02,75.55
7.58,9.12,6.34,5.61,9.43,5.0,67.09
3.21,7.8,4.81,7.46,4.03,3.66,37.39
2.37,7.22,7.12,9.51,3.9,6.32,37.41
4.82,7.06,2.89,6.99,6.38,3.76,47.73
9.05,6.83,5.27,7.9,7.53,2.73,66.6
5.17,7.08,4.05,8.86,9.18,6.54,64.53
9.76,7.82,8.83,5.73,9.14,2.91,66.35
0.0,6.17,6.85,5.43,6.13,3.12,7.82
2.03,8.66,4.25,5.66,7.1,6.59,38.14
5.69,7.84,3.13,10.0,6.91,1.43,68.76
8.22,6.75,3.73,6.43,3.35,5.53,52.89
5.83,7.04,10.0,7.12,10.0,6.32,52.5
5.76,9.26,4.41,6.1,5.67,2.74,51.2
5.7,9.36,10.0,5.82,8.58,8.46,50.87
1.59,11.58,5.54,6.37,8.69,5.39,55.84
8.9,8.85,1.54,8.75,6.06,5.09,76.61
4.29,6.99,8.39,7.48,6.47,0.87,28.92
8.72,6.92,0.0,7.78,3.13,3.13,60.49
5.82,8.58,5.32,6.37,10.0,6.73,60.48
8.67,9.21,10.0,8.1,5.17,5.28,59.57
6.86,10.11,10.0,7.59,8.73,4.95,65.04
5.73,6.69,9.28,4.99,2.92,0.56,11.36
6.57,8.15,7.88,7.7,5.87,5.03,47.27
2.32,6.26,8.62,5.44,6.33,6.12,25.03
6.02,8.57,2.51,8.42,2.3,2.13,42.87
10.29,6.48,7.42,6.99,4.21,3.2,42.98
9.27,10.18,6.15,5.64,1.27,5.2,50.61
3.54,6.83,9.11,7.76,5.85,8.23,44.2
7.26,8.91,9.99,5.59,6.57,2.04,45.16
6.62,8.23,3.65,7.56,4.19,4.14,54.77
8.04,8.07,0.65,4.69,5.48,5.3,62.14
6.24,5.29,5.13,7.39,5.91,2.84,43.45
5.42,7.86,9.52,7.69,7.77,6.5,49.61
9.33,6.53,0.71,5.53,6.75,3.21,58.74
6.54,7.12,4.33,5.51,8.4,4.78,51.93
9.14,8.73,0.0,5.65,6.11,5.24,71.37
8.44,12.08,3.0,5.24,5.43,6.01,72.85
5.19,10.85,6.11,7.14,8.35,5.38,67.28
5.58,8.77,4.89,6.2,7.7,4.43,64.34
10.82,8.58,2.48,5.67,2.72,3.96,54.83
6.48,7.47,9.47,7.25,4.54,4.8,35.02
4.1,6.5,3.75,4.92,2.73,1.98,25.02
3.0,8.66,0.0,7.39,6.91,3.92,64.24
8.44,7.33,10.0,8.91,5.14,4.4,55.86
6.4,10.63,8.21,10.0,9.85,4.99,73.07
4.02,11.22,5.94,5.69,6.59,2.43,47.07
7.69,11.21,2.11,5.68,8.56,5.35,78.1
6.4,7.05,1.82,4.98,7.13,9.25,58.73
1.85,7.24,5.38,9.52,3.6,1.54,24.68
7.47,6.18,5.45,9.71,8.27,4.08,68.14
9.33,8.97,0.69,9.5,8.63,4.23,92.4
12.4,6.72,2.01,6.04,6.46,7.73,81.8
6.09,7.09,6.45,9.6,6.42,5.82,57.71
6.58,6.67,1.22,6.63,7.45,6.79,63.47
10.02,7.16,8.31,4.35,4.05,5.18,42.16
6.42,10.48,3.84,4.31,8.23,7.52,62.31
6.69,4.3,8.42,7.77,8.8,6.66,50.25
4.42,8.79,3.29,4.8,5.72,4.33,43.34
2.51,6.79,7.03,8.28,7.55,6.52,42.42
8.28,11.52,5.73,8.54,6.27,2.95,68.52
2.82,9.24,10.0,9.72,5.3,7.35,42.7
8.85,6.47,3.05,6.31,6.14,3.76,61.37
4.03,7.08,10.0,5.63,6.1,3.65,20.0
6.66,7.15,9.34,5.83,4.83,5.33,30.25
5.07,9.73,3.0,6.84,3.42,8.88,55.97
8.94,10.54,3.26,6.01,6.75,6.93,73.04
6.75,8.23,6.09,6.75,9.02,8.8,72.49
10.9,7.79,7.29,8.71,3.98,4.24,64.89
3.29,9.57,2.09,6.71,5.49,5.62,45.94
7.03,8.04,1.33,5.67,8.56,2.79,66.03
6.12,8.7,0.0,7.05,6.11,3.18,59.24
6.7,8.33,9.59,5.19,8.33,3.93,39.25
9.99,6.82,4.94,6.96,7.56,1.08,54.94
7.46,10.04,0.0,8.96,6.88,8.28,85.37
3.13,7.11,4.16,5.95,4.44,2.88,28.92
7.33,10.91,7.45,5.72,6.01,5.17,65.25
4.96,9.77,6.21,6.72,4.82,6.77,47.4
4.82,8.29,10.0,10.0,4.81,6.42,48.0
8.61,6.13,5.61,6.95,6.44,5.72,58.35
4.49,10.51,4.11,5.14,6.05,4.35,48.23
5.05,8.47,5.88,7.88,3.54,5.65,50.19
6.08,9.34,9.58,7.91,10.0,4.27,62.79
8.37,10.22,6.98,9.19,5.75,4.63,64.41
7.45,6.32,4.62,7.46,4.96,4.69,53.28
5.41,8.55,1.84,5.17,4.4,5.56,44.99
5.32,7.43,4.55,5.0,8.0,5.77,51.35
3.1,8.48,1.08,6.47,6.42,4.71,42.69
4.1,8.69,6.26,8.9,10.0,5.29,63.42
4.36,5.5,6.23,5.72,7.56,2.18,28.86
5.63,7.66,2.03,7.6,1.84,0.42,42.06
10.97,8.13,2.61,6.13,7.33,6.98,79.89
4.31,6.12,7.5,7.62,2.48,3.92,24.8
5.26,6.9,4.87,9.2,3.67,2.23,48.4
0.87,8.19,6.63,7.36,4.06,4.43,27.36
7.5,9.03,3.22,6.06,7.37,4.78,66.56
2.06,7.78,2.6,7.66,6.95,2.82,41.34
3.73,6.95,4.11,10.0,3.18,3.61,41.77
8.61,6.49,1.47,6.39,5.37,4.3,54.92
0.74,7.46,3.27,7.55,8.72,10.0,51.96
6.24,6.8,7.85,8.45,6.59,5.1,49.23
8.0,8.89,3.09,8.49,4.43,5.01,70.42
9.81,8.38,9.72,8.14,4.91,5.22,62.22
3.7,7.02,7.84,7.57,6.94,1.61,26.79
4.44,8.34,7.67,9.22,6.55,5.07,46.3
10.51,11.5,6.03,8.78,8.54,2.78,84.61
5.94,9.13,2.87,6.32,6.46,2.26,53.7
4.16,8.38,1.72,7.68,4.18,4.56,50.29
4.21,9.08,1.58,7.53,8.11,3.96,61.14
3.57,9.9,5.61,6.42,7.6,5.65,49.22
4.9,5.72,10.0,4.02,9.9,1.71,25.28
8.72,7.36,6.43,8.33,8.13,5.2,63.26
8.22,7.07,9.51,6.28,5.77,1.86,46.12
3.06,7.03,4.55,6.54,7.68,0.0,35.46
6.54,11.17,3.26,7.49,4.2,2.35,54.86
4.99,8.77,7.39,5.65,5.6,1.7,24.58
7.96,9.67,3.52,7.68,7.71,5.9,74.76
5.61,8.45,4.13,9.08,5.54,4.83,61.49
6.93,12.13,5.29,7.33,5.53,6.03,73.44
5.6,4.98,1.78,8.8,4.9,4.93,53.95
0.53,7.27,5.77,6.01,4.95,0.32,13.51
6.12,7.34,4.58,7.81,7.53,1.87,51.68
2.82,7.48,1.09,6.91,4.15,5.16,43.45
7.87,9.37,5.13,3.89,3.82,6.74,52.57
4.3,8.14,7.14,8.72,4.07,7.28,47.53
4.49,8.98,2.58,6.94,8.77,4.2,58.63
5.98,9.56,10.0,7.66,5.14,5.33,46.72
7.44,8.34,1.2,6.69,6.75,3.78,65.16
5.58,9.09,2.39,6.62,7.85,8.9,70.53
10.11,7.34,6.76,6.58,5.27,4.1,52.64
10.12,7.03,5.18,6.34,8.96,4.49,70.66
10.29,6.67,2.11,6.55,4.85,5.71,69.03
5.41,8.13,7.13,6.12,6.81,5.52,45.87
2.3,6.57,1.51,6.03,8.32,9.77,57.71
9.05,6.4,7.27,5.25,10.0,2.94,50.17
4.96,8.98,8.68,10.0,7.47,1.69,49.92
6.1,6.6,6.95,6.02,7.11,4.26,42.84
7.57,8.85,5.58,7.4,4.76,6.0,62.46
1.99,7.52,3.03,5.14,7.87,5.68,44.24
10.07,7.13,2.19,6.86,5.8,8.34,75.87
8.19,9.36,7.26,5.59,5.75,5.96,52.57
6.88,9.49,7.31,5.95,4.2,0.6,37.43
8.23,8.32,3.27,5.95,6.24,5.06,58.47
7.39,10.12,5.6,7.36,6.54,5.09,65.53
6.29,5.48,10.0,5.96,6.25,5.25,34.76
5.23,9.62,3.81,9.37,2.43,2.71,51.61
4.15,6.79,6.29,7.19,4.26,1.4,30.61
6.72,7.65,6.14,4.16,6.89,8.82,53.98
6.9,8.54,7.02,7.56,4.25,4.29,49.62
8.71,6.96,10.0,9.81,7.32,4.66,62.72
6.5,7.94,8.76,7.44,1.58,4.34,25.62
3.87,7.36,2.47,7.75,9.08,5.81,65.0
2.06,7.66,5.67,6.56,6.32,4.35,31.41
5.68,11.16,0.0,7.93,8.21,7.37,84.6
5.93,5.22,3.93,8.46,8.74,9.55,71.13
5.75,7.68,0.0,7.36,7.28,7.25,75.13
2.17,8.59,0.91,9.0,0.11,3.73,36.31
8.69,6.3,5.95,8.96,7.51,3.99,64.46
8.68,7.75,10.0,7.67,6.02,1.86,42.91
3.94,8.45,6.43,5.75,6.3,5.48,38.07
8.01,8.54,10.0,6.24,6.69,6.91,47.99
8.38,9.23,0.0,7.42,2.59,6.74,73.91
6.1,9.65,1.46,6.81,3.93,7.01,60.57
3.63,7.5,2.6,5.74,0.04,4.85,31.42
10.03,8.13,2.81,8.29,5.95,7.26,89.03
6.95,5.87,7.95,6.31,9.38,5.59,47.74
5.37,7.92,1.83,5.45,4.82,5.73,50.93
7.93,5.82,2.18,7.76,6.94,3.17,65.18
10.06,8.02,2.9,6.06,7.81,5.22,84.82
4.76,9.24,0.0,5.57,3.28,3.98,56.04
7.73,8.62,3.66,7.14,6.53,5.52,66.48
10.86,8.14,6.2,10.0,7.6,6.48,82.67
3.21,9.21,4.21,6.24,6.03,2.34,29.98
4.63,9.61,5.05,6.97,4.78,5.62,45.91
4.51,6.76,5.54,6.43,7.06,6.27,48.94
5.6,9.78,3.45,7.05,4.07,6.24,56.2
5.48,6.87,3.7,4.88,8.99,8.33,64.45
6.75,7.33,4.28,6.59,5.84,4.26,53.87
3.95,9.09,5.32,8.55,9.95,7.04,70.77
4.44,8.27,3.41,5.02,7.72,6.95,50.88
6.75,7.97,1.34,9.24,4.38,5.89,66.98
6.39,8.26,5.98,4.44,7.48,4.88,49.7
8.19,9.97,0.13,8.35,5.15,4.05,74.95
7.02,8.1,2.85,8.46,4.63,8.73,70.38
7.93,9.12,3.56,8.63,5.25,2.81,70.22
3.14,9.08,2.11,7.18,6.58,5.09,49.44
5.04,11.13,2.5,7.48,2.45,6.03,52.95
10.62,10.07,6.67,8.11,7.13,7.83,85.93
6.98,9.06,10.0,4.95,4.6,4.88,43.61
7.87,9.08,0.26,7.85,9.33,6.68,89.9
6.68,8.25,3.7,5.77,9.47,6.81,69.6
7.06,7.76,5.24,7.01,8.89,0.0,53.72
5.42,7.98,5.29,9.1,8.46,4.46,61.95
14.93,8.04,0.01,7.86,2.02,6.49,88.39
5.01,7.33,5.29,5.75,10.0,5.87,51.78
5.9,7.38,5.0,9.38,6.75,6.02,59.28
0.0,7.9,6.51,5.08,9.58,4.75,30.23
8.77,7.51,1.49,5.73,10.0,6.14,75.97
4.62,7.71,4.84,8.46,6.64,5.48,61.82
5.85,7.75,2.37,5.91,2.75,6.85,47.7
4.68,9.36,5.84,8.07,5.83,4.78,55.49
5.65,9.19,10.0,8.0,7.72,3.87,48.82
5.29,9.54,7.42,7.18,5.67,7.31,46.74
5.89,9.87,3.58,7.98,4.33,6.92,63.61
5.87,6.92,5.77,6.27,8.79,7.24,57.19
5.61,8.04,5.55,5.96,6.36,10.0,55.65
5.58,8.45,1.04,6.8,5.57,4.1,58.72
9.27,8.66,10.0,6.98,6.15,1.53,47.63
8.2,8.77,6.75,5.62,6.06,8.69,66.57
8.22,10.13,7.95,4.09,7.91,7.07,57.6
4.17,7.18,2.62,8.74,8.54,5.54,59.71
9.14,8.35,1.29,8.38,7.98,3.48,77.3
8.83,6.17,3.44,7.16,5.14,5.97,59.35
4.62,8.63,5.3,5.79,8.22,5.09,50.57
9.81,5.61,4.48,10.0,5.41,8.3,80.21
4.29,8.54,1.89,8.62,6.99,2.4,59.74
1.39,9.86,7.24,4.78,6.59,10.0,51.91
8.75,8.93,3.22,7.89,4.05,2.2,63.79
5.7,6.4,9.25,6.58,6.62,3.33,39.68
8.44,6.84,4.42,9.53,6.61,6.38,75.76
4.11,8.93,3.93,7.85,8.14,2.97,52.0
2.85,7.83,4.48,5.31,9.93,1.22,39.07
9.08,4.73,4.69,5.18,10.0,6.24,62.44
2.48,10.13,5.87,5.0,5.62,5.32,34.09
2.1,8.28,1.53,7.26,3.65,4.79,41.8
1.19,5.86,10.0,4.51,6.81,2.99,8.82
0.0,8.35,7.31,2.91,5.71,2.27,7.36
3.4,11.32,9.0,6.27,5.74,4.0,40.9
0.58,7.78,1.36,5.17,6.32,5.89,37.56
5.91,7.76,6.22,6.45,6.06,5.39,50.1
0.41,7.04,7.83,3.77,4.17,6.36,11.94
3.26,8.97,9.45,6.82,4.86,5.8,33.46
11.83,8.38,0.0,7.02,9.34,3.04,92.12
6.86,9.22,2.32,5.28,5.63,4.86,57.74
6.13,6.91,3.96,4.13,5.75,1.94,37.93
1.95,9.09,6.08,6.88,10.0,5.76,54.7
5.39,6.23,1.6,8.72,5.73,5.39,55.52
6.12,8.74,8.68,3.27,6.09,6.49,39.77
1.99,6.81,1.98,7.0,3.88,3.4,23.62
6.32,8.06,0.0,3.08,9.26,6.88,67.48
8.98,5.66,5.46,7.92,9.34,2.21,66.61
5.13,8.15,3.65,6.05,3.55,7.17,48.53
5.51,7.97,5.18,6.94,6.12,4.81,55.31
0.89,5.71,4.57,4.94,6.64,4.9,23.73
2.5,10.6,9.19,8.76,5.61,4.49,34.18
8.64,8.93,7.0,8.27,8.16,8.63,75.37
4.35,6.37,4.7,9.27,5.89,7.73,55.35
3.68,6.49,0.96,5.39,6.81,9.2,61.52
4.27,7.63,3.64,8.17,6.99,6.0,53.77
5.86,7.15,3.6,10.0,6.33,7.8,66.37
3.1,7.86,0.42,4.78,2.38,4.8,42.31
6.32,4.75,7.34,6.81,4.69,6.29,38.36
2.6,10.54,0.84,6.11,4.16,6.83,53.2
7.94,6.92,0.82,5.27,6.53,4.14,63.33
3.36,9.82,2.76,7.93,5.8,8.02,61.41
9.3,7.75,1.55,7.63,5.52,3.8,72.14
5.97,11.67,3.8,4.38,6.43,6.91,59.47
3.89,9.29,0.7,6.53,6.01,1.78,52.41
8.28,9.59,3.89,4.3,3.59,5.42,54.8
2.56,9.79,4.15,3.41,3.66,4.81,26.14
4.63,8.13,6.12,7.91,8.36,6.33,60.42
6.0,8.23,5.79,8.26,6.3,5.48,61.25
5.7,7.81,4.33,6.01,5.95,5.42,55.95
0.98,8.54,6.02,5.5,7.63,2.39,35.2
3.7,8.11,4.19,7.11,5.77,4.59,43.32
6.42,8.54,9.1,7.9,6.3,5.04,49.29
2.7,6.81,2.79,10.0,6.73,1.4,42.88
9.17,7.38,3.3,7.57,8.12,4.98,71.23
7.24,8.83,5.0,9.74,8.8,6.55,79.98
4.71,8.03,2.71,9.13,4.57,5.52,59.61
5.45,8.73,8.86,4.72,8.48,3.51,38.37
10.65,9.01,6.88,4.64,5.36,7.13,71.96
8.34,9.33,7.08,7.31,7.47,10.0,80.92
6.95,8.74,6.58,7.5,4.84,7.04,53.9
2.46,7.65,7.16,5.01,3.61,6.3,21.35
10.07,6.7,2.88,5.92,8.12,2.51,62.53
8.63,9.74,6.5,6.37,9.79,6.39,76.38
5.63,6.96,1.77,6.13,5.54,2.94,48.57
4.63,8.0,2.17,8.3,8.57,6.39,78.3
5.53,10.43,6.13,7.4,5.1,4.62,53.43
3.0,6.81,4.86,8.67,6.79,5.31,43.91
4.82,7.59,5.76,6.49,6.19,3.18,39.9
7.91,8.18,3.28,5.66,5.83,5.39,60.23
1.48,5.32,2.77,7.44,5.8,4.21,35.16
5.21,6.4,3.93,9.9,3.94,8.9,66.44
6.28,9.88,5.18,9.28,8.56,4.02,73.86
6.26,8.68,3.98,7.84,4.73,9.61,66.93
3.05,9.24,7.49,4.41,8.67,4.71,39.33
3.04,8.38,4.04,5.84,4.88,8.3,49.51
8.72,5.07,0.2,6.09,5.03,3.41,57.34
2.94,6.47,6.29,8.48,7.49,8.5,51.62
8.52,4.66,8.49,10.0,8.24,8.23,69.45
4.79,8.96,6.38,5.82,8.9,6.98,57.95
8.7,12.07,7.55,6.31,3.22,5.34,54.33
4.95,5.65,2.47,8.08,4.63,3.92,44.9
3.08,9.61,6.0,7.94,9.32,4.09,52.55
8.14,9.63,6.74,5.9,4.09,2.82,47.07
5.96,8.28,4.85,7.7,6.46,0.3,40.49
9.62,5.94,1.26,9.81,4.9,4.68,78.82
8.23,6.7,5.33,4.79,4.82,7.16,49.61
5.43,4.97,9.11,6.66,1.02,3.29,12.69
4.88,7.81,3.52,6.88,7.65,4.44,57.25
6.06,8.33,10.0,9.58,3.07,4.79,45.95
6.48,9.23,4.46,7.64,6.15,8.11,71.72
3.8,7.69,6.1,6.36,3.78,3.56,38.12
8.1,6.73,1.96,4.58,7.05,0.0,53.27
5.01,6.96,0.0,5.97,6.23,2.93,51.53
4.94,7.8,7.73,5.83,2.22,2.96,22.09
4.65,8.45,6.82,5.21,4.08,6.68,39.52
6.58,10.09,0.0,5.57,3.78,1.61,57.57
4.27,11.07,4.32,7.65,6.37,6.33,67.65
6.34,7.99,3.77,6.9,3.28,8.37,61.73
12.92,6.38,7.66,5.58,6.04,5.86,64.29
5.87,9.84,7.1,6.67,6.98,4.91,52.08
4.91,11.84,2.11,7.39,5.67,5.61,74.81
1.83,6.87,7.92,5.65,7.62,5.59,27.34
6.13,7.25,4.89,5.74,1.81,7.61,44.52
3.23,7.82,5.31,7.5,4.0,4.58,42.56
5.06,8.03,6.37,7.64,7.54,3.4,49.82
6.38,6.99,7.58,5.89,8.91,6.26,53.7
1.67,5.92,0.0,6.9,3.78,5.96,37.37
6.39,8.92,2.28,8.05,9.94,4.45,77.35
6.76,7.8,0.89,7.71,8.83,1.44,64.29
2.76,9.69,6.65,5.01,7.95,4.53,43.45
5.02,8.82,10.0,6.67,7.5,7.95,43.7
1.42,9.53,1.67,6.1,5.24,4.87,46.53
9.94,8.09,2.5,5.94,5.02,5.65,68.8
6.83,9.05,7.17,5.79,9.45,3.97,64.21
5.55,6.91,8.49,4.65,7.12,6.23,29.41
5.59,8.75,6.57,10.0,7.88,4.99,69.48
8.83,9.52,5.94,6.92,8.84,3.86,67.8
5.76,9.99,0.64,8.95,5.25,9.01,81.07
6.83,7.56,4.01,7.25,5.09,6.05,59.64
9.8,8.9,4.77,3.03,5.75,5.82,56.71
5.13,9.96,10.0,7.6,7.1,7.88,57.6
3.27,5.67,4.65,10.0,5.24,5.83,48.42
3.94,7.47,4.67,6.99,4.86,5.7,42.12
9.57,8.88,4.35,6.24,8.27,3.71,73.37
6.23,7.58,1.79,6.31,3.68,0.3,37.16
4.74,7.02,10.0,6.63,4.68,7.26,33.43
8.43,8.66,2.5,9.13,6.18,6.12,78.14
8.49,7.3,2.2,6.23,10.0,4.26,69.01
4.81,8.12,5.99,5.16,6.29,7.16,45.22
3.57,5.69,2.31,7.76,4.11,4.84,45.2
2.07,7.31,6.24,9.38,2.37,6.35,30.92
1.52,8.44,9.26,5.13,2.55,5.72,6.3
5.34,7.87,1.4,10.0,7.08,6.35,68.74
3.77,7.95,3.92,6.35,5.0,4.78,35.8
10.65,8.49,3.5,9.22,4.24,4.52,78.27
6.15,9.66,5.85,7.41,5.18,3.83,50.41
1.14,7.65,7.35,8.32,4.72,3.69,31.98
9.55,7.98,1.95,7.57,2.65,6.1,74.64
6.4,8.13,5.12,6.81,7.1,4.72,54.69
7.76,7.3,3.32,3.68,6.41,5.97,53.0
7.71,6.84,5.97,2.64,8.73,2.35,44.61
6.74,9.28,2.06,7.27,7.35,5.9,73.18
7.31,6.27,4.61,6.66,3.24,5.49,47.06
6.6,8.91,7.16,7.91,3.96,5.36,53.74
3.23,7.7,4.85,4.39,8.08,7.2,36.89
6.92,7.51,7.13,5.93,6.66,4.77,42.02
8.56,8.5,4.45,6.69,6.52,4.48,59.64
5.47,8.73,7.52,8.69,2.02,5.18,43.4
7.38,6.46,1.71,8.43,5.62,6.45,68.27
7.05,7.96,2.17,4.84,8.03,3.82,57.63
10.54,7.35,10.0,5.55,3.0,4.22,45.37
5.37,6.9,5.2,7.63,7.7,6.51,53.61
5.27,4.88,9.89,7.41,6.49,6.25,33.33
5.71,9.29,9.15,7.4,2.35,5.17,36.11
5.74,9.35,5.85,9.22,6.32,1.33,56.18
0.32,6.26,1.78,7.71,4.46,4.18,37.9
4.39,7.85,6.98,8.18,4.9,5.04,41.1
6.75,6.18,3.04,8.34,6.78,4.52,63.7
5.98,7.48,3.19,6.39,3.86,2.34,40.34
4.0,7.05,2.21,4.92,6.4,3.38,42.55
4.34,10.04,4.2,9.98,5.27,2.76,59.51
5.11,5.95,4.47,7.33,3.81,7.42,51.98
4.0,5.33,3.01,5.86,3.44,6.8,30.16
4.72,7.48,0.57,5.71,7.24,6.16,57.95
4.65,7.57,4.63,8.14,5.84,5.86,50.55
8.24,10.95,0.93,4.57,6.93,3.97,73.5
8.54,6.86,6.56,4.01,8.95,0.52,40.78
8.33,10.22,2.77,5.47,7.04,5.5,74.77
7.07,8.76,0.0,10.0,8.0,5.81,86.57
4.23,10.48,1.23,8.36,6.84,3.7,73.01
8.4,8.42,5.04,8.62,3.4,0.28,56.36
5.21,5.58,6.13,6.56,5.62,2.71,33.08
6.06,6.61,5.86,7.66,2.61,1.99,33.07
9.35,8.82,1.37,7.46,4.4,5.94,75.71
6.21,6.68,7.75,6.76,8.03,10.0,61.61
6.62,11.59,8.19,6.92,7.09,1.12,54.8
2.47,5.26,7.57,6.72,6.04,3.57,19.97
7.22,7.06,7.4,6.32,8.23,3.82,58.28
3.55,8.71,5.39,7.02,7.86,5.28,49.06
8.53,8.03,6.9,6.16,4.66,6.58,53.67
5.54,7.3,9.25,6.63,7.41,5.65,40.68
0.41,10.18,5.48,6.22,2.48,3.85,24.66
5.1,8.12,4.32,6.45,5.06,4.66,42.9
5.43,9.62,2.89,7.83,6.63,4.96,63.14
7.21,7.37,1.07,8.48,5.25,3.85,66.48
7.68,9.56,10.0,6.61,7.47,3.04,45.83
5.18,8.35,5.99,7.68,6.83,3.54,52.24
8.53,5.57,10.0,7.4,6.55,4.05,42.49
0.0,6.18,7.49,7.71,7.92,4.65,35.62
4.22,9.69,7.1,7.03,5.75,5.53,46.63
3.22,8.0,10.0,6.64,9.06,8.59,43.81
2.86,9.72,5.16,6.44,7.77,8.29,52.26
8.4,9.09,3.72,6.83,8.67,3.95,70.66
8.07,6.32,1.7,7.0,7.53,3.48,61.72
4.06,6.22,2.57,5.11,2.31,4.11,23.72
8.95,7.85,1.44,5.89,6.94,3.0,65.31
6.25,8.25,4.32,4.63,6.52,7.14,55.01
4.95,6.96,0.43,5.65,6.39,4.98,47.45
4.27,8.77,0.11,7.16,5.11,3.49,54.09
4.05,7.68,0.0,7.67,10.0,2.89,62.32
7.18,6.86,3.0,4.25,8.99,8.22,66.48
7.63,8.38,4.27,8.22,4.99,9.01,70.65
6.6,7.04,0.0,7.8,2.97,6.31,54.54
0.87,5.82,3.27,10.0,3.2,2.17,26.43
6.74,10.36,9.51,8.94,8.26,3.76,67.08
7.41,5.05,8.98,4.73,4.24,5.7,35.97
4.33,5.51,5.45,6.21,7.31,4.85,38.26
6.11,9.24,3.52,10.0,5.68,6.28,71.39
1.34,8.4,1.95,3.46,7.27,3.81,35.84
2.93,7.15,4.55,7.85,6.04,5.09,35.8
5.19,10.91,4.73,9.4,5.29,5.73,64.68
5.23,7.41,7.67,8.3,8.03,1.67,43.08
6.88,7.83,6.52,6.69,7.62,5.85,59.29
3.03,8.02,5.33,8.25,6.73,7.15,47.14
5.15,8.92,4.84,7.79,7.11,6.41,58.26
4.78,9.04,2.34,6.62,5.65,5.15,53.08
7.32,10.04,0.0,7.92,4.12,2.94,65.44
9.55,7.3,6.95,6.62,6.95,4.68,55.63
10.3,7.93,3.0,8.82,6.56,1.53,74.64
2.08,7.55,7.72,7.75,3.73,6.42,34.56
5.88,6.01,4.04,6.21,7.08,8.47,61.71
3.22,7.51,4.45,8.27,7.17,2.44,45.52
5.84,8.5,2.7,4.69,4.83,3.66,51.72
7.06,8.17,8.79,6.44,8.45,4.27,57.98
6.2,10.14,5.33,10.0,6.48,8.04,68.59
5.88,8.3,1.47,7.25,3.45,5.78,53.98
9.71,6.51,3.45,7.8,6.3,7.67,73.51
7.8,7.23,0.43,7.47,8.09,4.52,77.49
5.32,6.78,4.93,6.54,6.64,6.89,50.44
6.06,7.1,0.83,6.33,4.58,5.85,56.6
8.18,7.87,0.43,5.98,5.97,5.46,69.11
7.52,9.14,10.0,8.14,6.33,4.54,48.74
4.94,9.3,10.0,6.34,4.13,3.81,24.7
1.56,6.63,4.89,8.04,0.3,2.67,17.9
3.04,8.63,8.56,9.25,10.0,7.06,55.01
6.36,7.9,3.39,7.18,6.28,3.1,54.98
1.53,7.47,3.18,6.83,6.73,2.37,33.12
5.62,7.0,6.67,6.81,4.97,6.21,39.87
4.87,6.9,7.18,6.29,6.01,4.64,37.92
8.5,7.2,4.68,6.37,8.69,0.0,59.54
2.7,9.57,8.87,7.94,6.97,6.63,42.47
1.17,9.41,9.37,5.49,3.42,3.14,3.19
4.95,9.24,7.93,7.86,9.91,4.0,61.05
7.59,4.59,4.94,5.68,5.89,6.85,49.34
8.67,9.87,10.0,7.11,5.21,2.54,53.15
3.73,8.46,8.97,3.73,5.26,4.09,24.35
7.18,9.3,3.65,8.22,5.02,2.91,59.0
3.22,7.74,5.72,9.66,5.56,9.07,55.73
4.13,8.28,5.68,6.14,8.27,4.68,48.73
7.42,10.0,0.0,6.55,6.67,7.07,80.74
7.8,9.52,3.66,7.68,7.4,7.1,77.52
3.5,6.61,5.59,9.43,7.0,9.17,61.28
7.19,6.81,6.88,8.18,10.0,1.92,50.27
1.33,8.67,8.32,4.88,4.0,6.28,13.74
5.49,8.3,6.28,6.98,6.76,5.39,48.04
3.16,6.67,1.82,8.95,8.11,9.43,70.89
3.98,7.91,4.55,9.42,6.31,3.29,49.31
2.81,6.98,10.0,7.38,4.39,8.11,33.1
7.38,8.88,9.4,6.81,4.88,3.77,40.25
7.38,11.41,4.04,7.11,4.45,4.24,65.64
4.27,6.64,4.7,7.35,6.97,5.76,54.87
6.94,8.66,7.1,7.38,2.93,5.02,43.49
6.65,8.63,2.17,6.04,8.38,4.99,70.3
5.68,7.7,5.3,6.05,7.58,5.3,58.19
11.4,7.43,8.08,9.32,3.06,5.89,64.58
3.9,7.48,1.98,5.21,2.91,5.0,28.61
6.04,5.8,9.09,5.95,10.0,4.89,45.74
5.04,5.04,4.8,8.75,6.76,5.38,54.66
5.07,6.71,3.39,5.63,6.94,6.42,45.45
6.4,7.09,0.02,6.18,10.0,5.61,70.97
5.26,9.12,6.12,7.03,3.61,6.47,45.13
3.85,6.35,6.0,4.88,3.86,3.69,28.91
6.31,7.21,1.2,10.0,5.26,4.5,64.88
8.96,9.61,0.0,4.49,5.3,1.49,57.16
8.36,9.19,3.73,8.58,7.14,5.06,76.32
6.51,8.72,0.51,9.35,7.8,8.5,85.46
4.16,9.66,0.0,6.1,10.0,7.34,76.62
6.47,11.98,4.92,6.61,7.64,3.76,65.67
8.71,7.85,4.03,5.78,6.37,4.68,51.36
8.98,8.92,2.35,5.72,4.57,7.57,79.39
6.9,7.81,1.88,8.29,10.0,2.92,77.94
5.09,7.73,5.92,5.95,7.46,6.26,50.6
5.49,6.65,5.46,4.37,2.82,3.37,27.99
7.93,10.54,8.6,7.22,5.64,6.41,58.49
7.72,8.29,4.48,7.28,7.89,5.04,69.08
1.61,10.3,0.0,7.52,4.62,6.95,54.86
7.65,8.58,2.88,4.13,9.49,7.28,70.0
7.78,6.7,2.05,10.0,5.28,5.13,76.26
3.78,8.03,4.47,8.3,4.69,5.02,44.73
4.09,8.97,0.9,5.55,6.67,3.53,56.27
4.11,8.33,0.83,5.29,3.54,3.48,45.94
4.3,5.28,1.2,6.55,8.14,5.36,46.37
2.46,8.03,4.02,8.94,6.54,4.86,45.16
6.78,7.42,6.89,8.22,7.59,4.05,61.22
4.04,7.38,3.65,5.97,6.81,4.16,35.19
5.82,5.95,3.84,7.31,6.27,6.99,50.97
4.76,10.83,9.16,9.29,9.03,6.16,70.01
6.64,9.48,8.89,7.1,5.44,5.67,50.78
3.47,6.76,4.57,4.69,7.8,4.2,39.39
6.61,7.67,2.45,6.05,6.8,5.81,53.06
6.97,9.94,7.04,5.42,6.51,3.29,43.45
8.07,5.56,5.01,5.88,5.71,5.96,47.58
10.92,10.36,9.02,7.42,4.07,6.47,70.13
0.77,8.54,5.91,8.61,6.76,7.75,49.43
6.8,8.71,2.97,6.15,3.78,5.2,52.68
4.23,7.76,3.02,7.67,2.47,6.07,46.12
1.19,8.66,7.6,8.5,6.77,0.19,27.02
8.1,10.94,3.74,6.78,3.07,3.44,65.13
9.33,8.17,2.47,4.35,9.02,7.05,72.15
5.02,6.97,10.0,5.29,4.79,4.73,20.8
6.53,7.22,1.6,7.48,6.27,3.05,63.88
5.84,9.57,1.09,5.58,4.84,4.88,55.9
7.09,8.42,6.31,4.68,6.41,4.53,44.93
8.2,8.35,3.56,3.96,7.58,7.07,69.83
6.86,7.18,6.0,10.0,8.0,2.1,62.53
6.86,10.12,4.02,4.54,5.01,8.25,63.53
9.15,8.2,5.43,7.81,4.79,1.32,50.61
5.59,6.79,4.84,9.44,0.42,7.77,48.79
8.31,5.38,3.25,8.07,8.96,5.07,70.26
3.94,6.16,7.26,7.98,5.01,3.77,30.43
10.02,8.61,4.12,5.91,6.43,4.5,69.94
7.84,6.68,5.31,5.25,8.0,7.45,62.18
4.99,4.95,6.42,8.53,10.0,5.99,56.21
0.71,6.74,2.97,7.16,3.41,3.92,30.17
6.0,7.78,4.87,7.62,4.87,7.77,58.61
3.05,8.89,8.04,6.48,5.01,6.22,42.67
6.75,4.2,4.76,7.17,2.86,4.6,36.01
9.63,7.92,6.4,9.42,6.06,4.03,63.88
6.4,9.35,4.46,4.5,5.37,8.71,63.31
5.55,6.7,6.31,8.87,5.48,8.89,61.54
6.86,7.13,3.4,7.07,4.41,5.78,59.74
6.71,8.3,5.07,9.3,6.16,4.18,70.4
0.09,6.51,7.75,8.28,6.57,3.32,23.64
6.6,6.63,9.02,6.18,6.38,8.94,51.0
7.55,7.83,4.49,9.06,5.02,2.42,64.32
5.35,8.27,4.8,8.64,7.36,5.43,66.61
8.45,8.86,4.74,6.69,6.93,4.47,62.75
5.68,8.02,7.28,5.2,4.91,6.4,40.82
7.92,8.0,0.0,6.18,5.46,6.88,73.38
11.68,8.37,8.76,7.24,5.18,4.17,61.35
5.76,6.69,1.32,6.23,3.7,4.7,40.67
1.14,4.85,3.61,8.85,5.31,7.4,37.47
5.16,6.65,7.88,6.55,4.09,4.22,31.83
1.69,7.27,4.97,10.0,6.14,4.68,47.81
7.53,6.77,5.13,9.23,6.02,6.13,69.38
9.27,6.29,5.51,9.24,3.82,7.9,66.47
7.74,9.59,5.86,7.65,7.02,3.28,59.39
6.8,6.75,4.28,8.24,3.92,5.46,50.44
4.39,7.45,4.57,8.07,5.62,5.11,50.06
9.94,8.86,8.47,5.96,3.17,3.42,52.33
7.88,8.66,8.29,8.71,4.9,5.48,52.57
6.71,6.91,10.0,8.68,4.89,6.13,45.8
6.51,6.67,9.49,10.0,10.0,4.86,64.41
6.28,7.9,7.05,7.76,3.28,6.17,49.83
7.13,6.96,7.55,7.76,5.76,4.56,48.91
4.47,7.8,6.74,8.16,3.73,3.1,38.38
9.81,6.71,5.53,4.01,8.65,6.22,60.02
6.38,8.62,1.28,7.72,9.86,5.51,78.98
7.5,5.88,5.98,7.55,5.32,2.6,43.81
4.92,7.68,2.99,6.27,9.32,5.71,56.14
6.94,8.44,6.44,6.61,6.67,6.49,53.97
0.3,8.44,7.8,4.62,5.52,6.42,29.13
3.2,11.63,0.38,3.94,5.27,8.18,63.61
5.92,7.66,7.62,6.79,3.24,7.91,40.57
2.69,8.22,4.4,9.26,5.45,3.23,46.77
12.1,7.86,7.76,5.51,5.33,7.77,71.8
1.83,10.86,7.49,8.43,6.04,4.38,42.02
6.86,9.51,2.22,6.72,6.22,6.73,70.8
10.14,10.9,3.75,7.05,7.63,4.9,88.22
7.2,7.14,6.36,8.15,8.56,5.13,64.84
5.22,8.25,0.72,6.5,9.91,7.49,74.56
4.62,8.08,4.53,6.69,7.26,5.6,47.91
7.68,6.27,9.24,5.49,4.34,4.33,39.07
4.0,8.52,7.81,8.3,3.49,6.47,40.5
5.7,6.52,9.74,7.56,5.61,4.53,40.43
7.73,9.58,3.34,9.46,6.95,4.31,81.89
5.23,7.69,2.84,6.45,4.24,8.86,51.31
6.22,5.72,6.45,8.76,5.3,5.78,49.08
5.24,7.16,3.29,5.93,6.04,5.26,39.51
3.58,8.07,1.43,10.0,4.27,2.58,53.55
8.97,10.62,8.95,6.83,8.27,3.94,57.71
9.48,9.3,7.97,6.88,1.85,4.51,47.01
5.21,8.14,4.43,7.54,8.12,9.94,66.4
5.34,9.31,6.52,9.9,10.0,6.12,75.51
5.56,8.26,9.88,8.45,6.34,2.71,39.32
7.35,6.67,2.72,9.02,5.2,8.0,71.34
3.74,8.62,9.27,8.47,6.07,6.99,39.38
5.78,9.29,1.8,8.3,5.76,5.66,69.43
6.66,12.58,1.6,7.25,6.92,1.67,74.71
7.61,8.44,5.55,6.04,6.42,6.66,59.76
0.0,7.28,3.57,9.11,4.52,1.6,24.97
7.01,9.4,4.73,8.15,7.66,3.48,63.33
6.86,9.03,4.28,6.76,4.14,5.15,57.48
8.52,10.37,7.87,5.68,5.88,5.19,54.8
4.68,9.13,3.73,4.24,7.34,5.91,49.46
4.7,5.44,1.25,5.42,8.45,2.96,43.12
9.01,7.91,4.68,5.63,6.04,3.47,59.65
2.09,9.93,10.0,7.08,7.82,5.82,37.84
10.07,10.56,1.57,5.06,5.66,1.36,62.3
12.39,6.75,5.48,5.54,7.54,5.4,73.54
7.19,7.68,1.18,7.18,6.68,3.34,62.93
8.04,8.98,0.35,8.06,7.41,5.59,79.7
2.28,7.39,3.14,3.84,7.59,3.75,30.98
4.26,7.61,7.52,5.87,7.11,7.7,44.63
8.64,9.37,9.12,5.62,4.65,4.17,46.84
6.9,9.52,5.3,6.97,4.54,4.63,58.75
5.55,9.71,4.54,8.99,5.76,3.29,57.99
6.58,8.76,6.55,6.8,4.35,4.31,50.07
7.27,6.49,3.21,5.16,10.0,8.24,63.1
5.27,7.79,4.65,6.87,4.83,3.93,50.76
5.93,6.52,7.15,6.0,5.46,8.53,49.98
5.91,7.24,0.23,9.27,6.62,7.81,75.02
3.37,8.86,3.25,6.49,4.72,5.88,44.37
6.81,8.25,4.46,7.45,3.89,7.33,61.7
10.51,11.32,6.37,5.0,6.8,5.08,64.99
10.33,8.4,0.15,4.56,6.08,4.69,67.57
2.31,8.61,0.0,4.19,7.39,4.87,40.15
7.43,7.96,0.0,6.79,6.94,5.1,68.49
7.69,9.16,2.58,5.38,10.0,5.82,74.07
4.97,10.5,7.18,9.76,6.98,5.72,62.52
3.59,8.25,6.35,6.2,2.93,8.64,39.46
2.7,10.29,7.66,7.66,5.59,4.6,35.26
4.89,7.85,4.49,6.29,7.46,4.76,52.62
6.88,9.62,4.51,7.69,6.65,6.27,65.03
5.6,7.88,4.59,6.68,5.73,4.7,51.06
4.47,7.85,3.56,5.13,2.12,3.17,31.61
2.88,4.97,10.0,5.69,5.99,4.54,16.34
6.88,5.3,6.16,6.86,7.7,4.52,51.64
8.67,7.82,2.42,5.26,8.08,4.24,69.05
3.68,9.13,4.36,6.23,4.84,6.71,41.12
7.12,7.94,7.72,8.25,8.82,4.94,60.12
1.3,6.73,0.0,6.41,6.18,6.32,46.1
4.36,6.56,4.2,7.11,6.5,2.99,46.59
7.82,9.13,8.33,6.64,6.47,3.0,56.8
3.21,6.47,6.82,5.38,5.88,7.79,38.23
4.49,9.25,3.64,4.96,3.57,7.23,48.58
9.54,9.04,7.6,8.27,4.28,5.06,62.64
4.17,10.25,4.68,8.48,3.85,8.67,63.11
3.87,11.69,2.06,5.15,5.12,6.07,53.22
7.44,7.62,4.4,8.32,6.79,3.81,62.8
10.89,7.83,8.97,7.11,7.78,7.33,70.34
5.4,10.17,6.35,7.71,2.45,2.9,47.92
7.92,7.93,4.93,10.0,2.61,3.05,58.3
9.36,5.66,0.46,3.89,6.54,5.58,67.35
6.81,6.85,3.96,6.3,7.54,5.69,58.75
5.33,8.58,7.36,7.45,5.56,1.73,41.4
3.81,6.18,7.71,8.28,3.65,3.69,22.9
2.44,11.03,0.0,5.37,4.02,2.66,47.27
8.78,9.95,1.82,7.99,4.23,4.41,71.81
6.45,6.6,4.23,7.25,4.64,3.22,40.32
9.33,6.72,3.89,9.26,9.42,6.6,83.49
8.47,8.2,6.89,6.16,6.14,7.28,62.48
4.46,7.36,0.31,8.03,6.54,6.25,62.86
3.03,7.85,2.87,6.96,3.69,5.95,46.11
7.03,9.02,7.48,5.7,7.86,4.37,58.2
4.42,7.71,7.76,5.98,5.48,7.69,44.23
6.94,10.14,0.64,5.97,6.45,2.77,68.24
4.17,9.3,6.82,6.82,5.96,5.36,49.31
3.85,9.53,0.75,7.29,4.52,8.98,68.44
5.65,6.27,6.82,6.17,5.83,4.32,33.55
8.34,5.85,7.08,8.35,6.53,3.94,57.02
6.77,7.97,5.51,6.53,1.98,5.45,46.21
8.95,10.69,2.07,8.82,4.98,4.85,80.17
2.92,9.82,0.0,7.33,4.61,6.11,52.69
3.36,9.12,9.3,7.22,4.6,3.67,28.93
5.78,9.87,0.59,6.39,6.5,4.18,62.5
11.41,6.34,2.99,8.39,3.76,5.04,71.33
7.69,5.84,4.19,4.15,5.51,2.94,31.83
3.33,9.95,5.1,7.78,5.31,5.22,48.12
5.81,7.09,6.6,8.1,6.41,6.13,49.76
6.55,6.8,6.29,8.3,10.0,2.35,63.4
4.58,8.91,5.64,7.28,6.28,4.64,43.55
7.53,7.63,4.38,10.0,8.15,5.05,74.66
5.61,7.82,2.27,7.25,9.4,4.87,63.43
5.25,8.51,7.98,4.05,2.88,3.55,21.87
9.15,8.26,6.15,7.0,6.39,6.75,71.68
1.73,5.56,7.13,7.31,5.89,4.2,27.2
3.6,7.3,4.34,5.81,3.51,4.39,28.29
3.96,9.09,7.18,9.44,6.74,5.6,53.85
3.88,6.97,0.0,6.59,5.83,6.81,54.27
4.18,7.52,8.23,5.45,2.28,5.0,22.08
7.22,7.56,4.4,7.26,8.89,5.9,70.73
8.74,4.17,3.63,7.24,6.96,4.09,55.91
8.29,8.15,3.4,7.73,6.78,3.39,69.84
3.45,7.08,3.08,3.04,7.05,3.35,32.92
5.73,8.88,5.05,5.77,4.42,5.44,46.77
7.13,8.39,5.66,7.58,8.67,8.63,68.17
6.6,6.81,9.82,8.74,5.43,3.78,41.64
9.26,8.7,5.11,7.45,7.57,5.86,73.49
4.31,7.27,1.51,5.8,3.58,6.63,44.13
6.39,6.97,10.0,6.78,8.42,5.83,44.54
5.02,5.81,4.87,8.44,4.55,7.42,44.18
6.63,8.66,4.53,8.15,6.05,2.76,53.17
3.3,7.77,3.39,8.1,6.2,3.19,42.17
3.68,7.23,0.8,8.99,9.67,2.84,63.54
4.17,5.65,8.67,9.31,4.37,5.74,33.01
4.59,9.65,1.42,5.3,6.93,4.19,57.63
9.87,7.58,8.02,6.0,4.79,2.47,46.03
8.94,8.51,4.14,8.92,10.0,6.58,89.52
5.47,8.46,6.74,4.68,6.38,8.62,53.25
6.43,5.94,4.08,8.48,9.46,7.27,65.71
2.01,9.03,5.97,4.76,10.0,4.9,40.68
5.55,7.62,4.97,8.7,3.06,6.93,53.1
6.4,7.7,5.1,7.18,8.03,5.16,64.32
8.86,5.09,8.76,7.25,6.19,5.47,49.08
6.82,9.84,5.04,7.57,4.91,8.25,65.27
7.08,8.15,1.72,5.61,3.96,7.23,62.96
6.74,7.68,0.21,9.0,2.2,7.74,65.15
6.67,6.96,3.29,8.79,8.04,5.96,70.49
2.51,7.91,6.93,4.03,7.78,6.14,30.52
4.96,8.96,6.81,9.84,6.77,1.46,52.62
9.59,7.88,7.39,5.61,4.64,1.66,47.36
8.06,8.71,6.24,4.94,3.5,2.58,37.12
7.24,6.36,6.16,5.14,5.03,2.88,41.43
6.17,5.25,2.75,8.06,5.64,4.0,51.97
7.65,6.83,6.71,2.03,5.8,5.18,39.56
3.64,7.46,9.49,6.21,6.76,2.48,27.08
2.05,6.44,4.62,6.11,10.0,5.93,46.18
5.04,7.89,6.98,6.35,6.7,8.01,53.84
7.34,7.6,3.28,4.82,5.76,4.06,51.32
6.27,5.17,8.15,6.94,6.89,6.4,44.32
8.53,9.11,7.0,7.1,7.83,2.86,60.46
6.88,7.66,5.39,6.27,8.47,6.11,60.54
6.11,6.27,2.17,8.65,5.54,4.74,60.28
9.32,5.72,6.06,5.51,2.72,4.05,30.6
8.83,11.42,9.97,6.65,5.71,2.19,50.45
5.75,7.26,5.38,7.58,2.27,4.17,38.46
3.24,4.8,10.0,4.59,3.08,3.58,0.0
3.73,5.81,1.18,3.78,4.84,4.73,27.19
5.6,8.12,2.77,7.31,6.48,2.79,52.23
5.08,6.89,2.92,8.31,6.07,3.06,47.27
10.14,7.63,5.05,9.67,4.62,5.48,67.29
1.8,7.93,7.8,6.88,5.83,5.78,35.12
5.84,7.95,3.42,7.05,6.82,5.15,62.51
3.33,7.94,5.06,5.92,6.99,4.05,37.71
6.29,7.73,6.73,7.52,5.17,3.89,47.52
6.96,10.42,5.43,5.1,3.41,4.32,43.84
4.99,7.46,5.23,7.86,3.77,3.12,34.72
7.33,9.66,4.81,6.83,0.84,8.44,59.69
5.5,8.31,9.31,5.76,10.0,4.91,50.38
5.55,9.43,2.65,7.7,2.78,2.29,46.21
4.96,8.84,9.66,8.03,4.95,4.06,37.17
7.63,9.71,3.25,10.0,7.65,4.54,80.32
6.35,11.81,7.01,7.25,3.98,2.33,45.38
9.93,7.88,6.72,6.61,7.16,2.45,58.16
9.18,8.67,5.01,7.46,7.51,3.3,71.87
7.38,10.84,5.17,7.48,9.39,4.3,79.5
0.6,8.36,6.38,7.06,7.85,2.75,29.64
2.29,4.03,4.41,10.0,2.49,2.83,28.72
8.47,7.33,3.14,8.99,6.39,9.25,80.95
4.81,7.46,8.4,8.47,8.33,8.41,58.31
6.59,8.2,4.1,7.27,5.51,8.66,62.28
4.42,7.03,5.18,7.26,7.7,6.86,51.0
7.29,11.48,4.41,6.24,6.19,6.0,64.79
8.39,11.28,5.87,4.65,7.29,1.9,57.48
2.98,5.56,7.21,6.93,9.77,2.25,31.9
3.97,6.61,2.89,7.0,6.62,4.96,48.42
1.84,9.59,0.0,6.37,8.32,5.67,63.01
6.58,6.78,10.0,8.66,6.9,3.4,41.4
1.84,7.38,1.48,7.59,6.38,2.86,46.36
5.08,6.82,5.75,7.28,5.06,5.56,47.88
7.3,10.11,2.19,7.7,3.08,4.62,65.82
11.15,7.89,4.86,5.2,9.96,5.82,76.99
6.92,9.88,0.0,6.56,8.51,7.72,83.77
9.13,7.13,10.0,5.49,4.28,3.92,41.67
6.65,9.2,4.4,8.5,1.85,6.79,53.17
6.77,7.6,4.6,6.05,5.77,5.57,54.45
5.47,8.29,7.46,5.03,5.59,3.79,31.97
5.04,7.36,2.91,7.44,5.58,4.77,55.24
8.94,7.61,0.0,8.87,7.76,1.77,75.02
6.94,7.86,9.04,5.0,5.31,5.41,39.45
6.84,8.38,0.0,8.6,5.88,4.54,71.99
4.48,9.18,5.7,6.74,7.74,8.0,55.78
5.14,6.57,0.57,5.99,6.69,4.35,51.4
11.17,6.02,6.17,9.19,6.15,6.69,77.21
5.83,9.89,6.81,8.81,5.79,4.68,50.45
9.32,11.06,4.51,5.22,5.17,2.76,60.37
4.7,9.44,3.31,8.83,8.18,4.67,64.42
8.0,9.96,2.65,7.4,4.56,6.65,77.74
6.72,7.44,4.93,7.46,2.64,7.52,50.89
4.99,8.92,3.73,5.79,4.01,4.95,48.6
7.62,8.65,2.16,6.44,5.11,7.23,64.86
2.14,8.26,4.13,9.42,7.35,2.35,44.35
7.44,6.73,3.69,6.03,5.28,5.48,54.97
7.97,5.57,10.0,9.15,3.64,6.18,42.96
6.68,9.87,3.97,10.0,4.2,6.51,72.76
9.28,9.17,3.46,5.95,5.36,3.84,60.94
5.83,7.01,7.07,7.85,6.43,3.39,52.14
5.63,8.53,10.0,8.61,10.0,8.31,63.17
6.89,7.32,2.51,7.27,8.93,6.2,70.23
8.17,9.4,4.51,4.58,7.75,7.56,64.99
7.42,8.8,2.92,7.18,5.52,3.39,58.71
5.43,10.33,8.67,8.02,8.04,4.37,57.14
3.51,8.2,7.19,8.35,8.76,3.71,47.39
7.66,7.88,6.96,5.53,6.83,4.25,47.66
4.03,8.06,2.52,7.59,5.85,5.89,56.95
3.95,12.2,5.34,7.56,2.68,6.73,54.5
4.36,9.03,8.32,9.45,5.08,5.15,45.25
6.14,8.17,9.78,8.67,4.63,3.7,44.0
4.01,9.36,4.15,7.59,5.37,7.05,58.22
3.16,7.65,6.71,9.31,7.45,1.52,50.8
4.35,8.54,8.1,8.07,6.67,2.43,46.22
5.54,9.53,5.86,6.34,4.04,6.46,52.49
7.14,4.12,8.4,7.76,0.0,5.0,20.32
6.17,6.02,0.0,7.06,8.84,4.79,69.12
3.3,6.14,6.88,7.84,7.85,5.45,34.93
6.57,7.49,5.22,10.0,6.98,3.48,62.71
6.81,7.48,7.46,6.25,8.78,2.83,43.42
4.86,8.68,10.0,8.2,5.28,5.12,40.45
4.01,9.01,7.33,9.37,6.62,5.03,50.04
4.01,10.21,0.19,10.0,4.6,4.54,67.81
4.67,7.52,2.0,8.64,7.27,5.0,66.29
11.54,7.41,7.19,6.52,4.89,2.82,50.06
3.78,7.29,7.33,5.63,6.24,5.84,36.71
6.66,6.66,10.0,5.72,7.2,5.7,43.3
4.21,8.3,7.75,3.38,5.39,9.42,35.06
4.74,6.17,2.2,7.64,4.93,5.79,46.87
4.23,9.73,10.0,6.64,3.97,3.31,29.07
8.0,8.4,4.04,6.89,4.58,5.0,59.03
6.95,9.23,5.87,6.42,9.09,5.1,64.17
5.68,10.43,3.0,7.09,4.14,6.34,59.16
7.26,4.6,7.23,6.34,5.31,6.14,40.52
7.86,7.8,9.65,6.88,7.01,10.0,63.36
3.87,7.1,9.37,6.76,6.47,3.28,37.19
7.37,8.69,5.19,7.5,3.43,0.57,47.33
4.21,9.26,5.0,9.41,5.13,2.37,48.56
8.09,8.65,7.33,7.91,6.97,5.25,57.73
7.85,8.21,4.31,7.31,3.98,2.32,55.68
7.01,7.75,8.11,5.23,7.33,5.19,49.29
5.48,9.39,9.11,6.75,4.17,8.33,51.73
4.68,8.04,6.18,9.15,10.0,4.37,67.31
5.34,10.55,3.44,6.79,6.52,7.99,66.24
7.92,7.24,4.89,9.95,6.87,5.88,65.89
4.29,10.74,9.18,8.58,3.8,6.14,48.38
6.12,6.23,10.0,5.34,6.6,6.15,37.26
1.63,8.41,7.46,6.64,9.2,2.67,36.81
6.65,8.12,3.28,7.81,7.35,4.79,69.73
3.41,6.95,2.95,8.48,5.1,8.34,58.42
2.7,5.97,5.18,6.71,5.99,5.43,37.63
7.3,9.4,7.84,6.32,5.67,6.54,57.18
6.53,8.0,1.17,8.78,6.61,6.29,77.01
4.89,9.43,5.47,8.19,5.27,3.1,52.53
5.24,10.68,6.97,9.54,2.76,4.99,52.22
11.68,9.02,7.43,6.22,8.65,2.9,70.82
5.51,9.45,5.31,5.0,6.67,4.91,46.31
5.5,7.43,0.73,8.71,9.87,5.83,71.43
7.63,10.14,9.56,7.93,7.14,6.15,62.05
6.22,10.3,9.35,6.64,9.19,7.32,66.38
8.47,8.86,5.57,5.51,6.36,5.96,68.29
6.69,7.67,3.79,5.71,6.01,4.07,48.82
7.9,8.08,4.53,6.16,7.23,4.31,64.19
7.11,8.23,4.17,4.21,7.58,2.76,49.27
7.61,8.7,5.65,8.65,7.6,6.38,72.5
5.89,7.99,6.26,8.08,8.37,2.36,55.85
6.56,7.57,1.19,6.22,8.3,5.9,64.79
5.32,7.75,0.42,5.77,2.71,6.8,55.07
7.51,8.01,4.28,6.93,4.26,3.73,50.27
2.63,9.84,5.48,10.0,5.71,1.93,44.9
7.82,6.61,0.96,7.55,7.34,4.25,62.71
8.5,5.1,5.93,7.37,7.42,4.96,57.53
7.85,5.73,8.26,5.61,3.74,3.93,32.33
5.74,8.34,3.56,5.72,9.66,3.04,59.88
7.26,8.42,7.95,9.42,7.49,7.64,71.3
4.06,9.76,2.47,6.3,4.94,6.84,56.72
8.09,11.73,6.41,7.54,0.94,6.34,60.07
3.25,7.76,1.74,6.8,2.98,5.81,38.85
7.48,9.59,4.41,6.58,4.56,6.47,62.6
7.33,7.13,1.32,6.31,4.62,2.68,52.79
7.02,9.66,4.8,8.11,8.3,6.57,69.6
4.88,8.43,6.67,5.22,8.59,5.34,48.35
7.9,6.21,9.04,8.48,8.0,3.52,55.39
1.41,8.49,2.66,7.01,5.26,2.69,34.51
7.94,8.79,3.75,4.79,9.16,6.46,68.43
6.48,8.59,0.0,5.62,1.91,2.83,44.01
8.63,7.59,6.75,6.34,1.4,3.61,40.97
6.5,10.22,2.31,5.55,3.25,6.43,52.86
10.6,9.72,2.38,5.19,6.41,7.03,79.22
3.65,9.04,4.61,7.58,5.72,4.46,53.79
7.52,6.96,8.65,9.53,6.34,4.94,59.42
3.78,7.42,2.24,7.28,4.53,3.04,39.33
5.68,9.24,8.45,6.01,4.89,1.93,36.26
7.86,10.57,7.22,6.42,6.45,1.37,48.79
7.56,9.56,5.13,6.74,5.45,6.04,66.1
11.2,7.74,7.7,7.43,8.69,6.32,78.12
5.12,8.25,4.89,9.93,6.78,3.56,58.89
9.22,9.86,1.6,7.6,3.29,8.57,76.31
5.36,6.06,5.03,8.75,5.07,7.16,53.66
4.25,5.91,4.56,7.51,6.37,7.02,45.94
1.94,9.59,1.54,7.29,4.9,6.09,46.77
6.41,8.22,8.1,6.35,8.09,3.16,43.74
4.7,6.6,2.65,6.47,4.04,4.65,46.5
8.12,7.73,0.22,8.78,4.21,4.71,62.17
4.68,7.49,2.3,8.34,5.41,0.0,46.64
4.81,8.77,6.16,8.74,7.2,6.19,60.56
6.89,7.82,8.36,7.32,8.23,5.94,52.79
10.3,8.67,5.8,6.37,8.89,10.0,82.98
3.28,10.39,5.49,8.98,5.73,4.71,49.65
8.54,8.3,10.0,5.56,3.84,1.91,35.77
8.19,7.85,2.32,5.94,6.17,8.29,75.47
5.45,7.24,3.36,7.33,3.16,6.88,55.82
7.69,7.3,4.18,7.37,7.89,4.47,64.98
5.29,7.85,1.57,5.41,7.05,4.19,52.5
11.93,9.54,3.16,6.68,6.2,5.84,85.29
5.72,9.19,10.0,5.81,2.34,3.9,27.24
6.2,5.79,4.58,10.0,4.3,5.08,55.73
5.19,10.82,6.04,7.04,7.3,4.63,58.8
1.77,7.18,1.96,9.23,6.67,4.97,55.98
5.34,7.19,4.49,7.29,7.46,8.08,69.8
6.58,7.75,8.58,7.84,3.77,4.92,41.56
9.75,11.09,3.35,6.4,8.22,5.54,86.63
7.23,8.96,10.0,8.3,6.66,6.38,53.29
5.53,8.35,6.21,9.79,5.85,0.83,45.53
6.15,7.13,9.35,8.14,4.51,6.04,47.14
6.82,8.27,7.94,6.4,4.86,0.63,33.63
5.05,11.42,7.33,5.9,8.28,3.3,54.29
7.71,9.31,6.51,8.75,8.09,8.52,76.57
10.06,7.34,6.21,5.56,7.83,6.49,68.3
5.09,7.49,8.82,6.14,3.08,2.79,20.94
9.02,8.91,3.0,8.21,6.04,3.75,74.79
8.19,9.45,6.4,7.77,7.92,6.25,75.24
7.34,6.28,0.96,5.1,5.72,7.95,66.21
6.28,8.59,9.89,6.75,5.77,6.77,44.22
6.84,9.08,7.45,7.19,9.92,4.38,62.88
5.46,9.89,6.6,8.54,9.59,1.0,61.32
10.59,6.19,3.41,6.94,4.81,4.09,65.1
4.2,11.46,4.99,5.3,6.57,4.04,54.33
8.84,7.39,6.4,9.95,5.44,7.54,73.7
9.87,7.34,0.0,8.87,6.87,3.84,76.07
5.19,7.25,6.53,5.93,3.37,3.01,30.87
8.91,8.88,3.84,7.38,10.0,7.66,82.35
6.36,6.61,9.11,8.84,7.8,3.24,42.66
6.16,10.61,7.34,4.88,5.09,7.48,47.78
5.81,7.31,7.02,7.81,6.06,6.17,56.11
1.97,8.19,8.56,6.17,7.13,2.8,27.87
7.37,6.32,7.66,5.78,6.03,5.76,45.55
9.61,7.22,10.0,6.7,7.4,2.56,48.38
4.24,4.98,6.64,6.73,7.74,2.05,37.18
8.12,7.96,9.34,6.28,9.43,6.59,61.79
5.79,7.85,9.91,4.6,8.46,5.19,35.71
3.27,5.36,4.93,6.09,6.27,4.58,32.59
8.49,7.72,8.1,6.61,5.18,5.48,51.59
10.22,8.76,6.97,5.91,7.02,5.33,61.21
4.01,10.03,4.38,6.55,6.9,5.62,55.73
6.54,6.64,8.06,7.76,5.36,4.9,40.26
2.4,5.27,7.16,8.7,8.88,7.31,40.18
5.89,7.82,10.0,6.02,4.18,6.44,36.16
7.22,10.69,7.51,7.02,10.0,4.48,70.92
10.38,7.52,8.0,6.83,4.63,4.94,60.55
9.89,7.29,9.13,8.7,5.71,5.2,64.38
10.11,9.63,6.57,6.52,8.46,6.25,78.96
4.68,7.43,5.69,7.59,5.97,3.41,39.36
5.39,7.46,5.38,6.19,4.29,4.23,35.76
1.84,6.98,0.68,4.73,8.55,3.63,41.23
4.21,8.17,4.02,7.39,6.19,4.46,50.9
2.37,7.97,10.0,4.54,5.85,3.98,14.98
6.91,8.24,7.24,8.22,6.58,3.12,49.93
4.26,8.15,4.54,6.9,5.95,7.42,60.7
3.25,5.66,9.02,5.65,5.66,6.28,27.48
5.11,8.97,9.64,6.51,5.46,5.25,34.29
3.04,5.91,5.76,4.87,7.08,3.23,28.24
6.77,7.55,10.0,5.35,5.46,5.63,38.12
6.71,9.88,5.84,6.88,5.91,7.99,66.4
5.21,8.89,4.39,10.0,7.58,7.18,75.57
4.17,10.3,5.99,6.03,4.41,4.61,37.56
2.65,7.28,5.96,8.33,5.71,5.39,43.74
7.39,7.17,6.71,4.45,6.62,6.64,48.38
6.57,9.76,5.23,7.63,6.75,6.11,68.21
7.16,8.23,8.21,5.46,3.1,4.55,36.68
5.23,11.12,1.68,8.77,6.11,4.79,68.62
5.46,6.62,5.63,4.8,4.63,6.49,40.24
9.6,9.1,4.6,9.09,5.32,2.89,67.56
4.5,8.95,6.5,7.9,5.23,4.56,46.53
5.22,9.79,0.0,3.29,5.52,6.49,56.67
7.86,8.94,6.4,5.87,4.57,0.7,46.75
6.76,9.07,5.39,6.23,6.06,6.09,54.73
0.88,8.26,0.25,5.24,6.42,4.43,37.98
1.78,9.48,6.19,8.05,8.96,4.96,52.58
4.35,7.31,5.04,9.66,3.39,3.5,42.72
8.28,9.4,9.26,9.25,6.53,3.61,62.24
7.68,10.83,5.67,10.0,3.02,3.68,58.17
7.3,6.97,6.7,3.96,4.6,4.88,28.67
7.57,9.08,8.43,4.56,2.96,1.7,28.95
3.58,8.66,6.99,6.76,7.08,2.53,34.97
7.5,6.6,3.76,8.6,5.02,4.37,53.34
3.7,8.17,7.53,8.24,5.36,7.15,50.31
8.37,9.36,5.47,6.94,5.43,4.03,65.74
4.72,9.16,3.76,7.4,3.67,4.75,49.35
6.7,6.71,5.91,7.5,6.81,4.51,54.42
1.31,8.42,1.0,10.0,6.51,1.61,49.64
2.63,8.72,3.37,9.3,4.47,6.11,47.97
8.73,9.39,1.02,7.22,6.98,5.58,80.64
7.73,8.09,4.89,5.72,7.96,3.89,60.39
2.96,7.17,1.05,3.82,6.32,4.53,40.18
9.21,9.68,6.03,8.1,6.29,5.28,75.11
3.27,6.39,8.1,6.86,3.9,5.76,26.39
6.05,7.05,7.5,8.93,7.41,3.67,59.36
4.8,9.16,1.09,8.38,5.17,3.78,61.02
3.69,8.5,0.84,6.33,3.79,3.08,47.4
8.92,8.23,3.16,9.13,5.56,2.64,77.02
10.21,6.8,4.72,10.0,5.88,4.39,68.36
6.45,9.38,0.48,5.01,8.13,4.24,62.98
9.81,8.87,2.98,7.15,6.95,6.11,84.63
5.3,10.93,3.0,7.21,3.17,3.45,49.54
6.27,9.05,3.71,8.19,5.94,4.18,65.45
6.33,5.92,0.0,9.86,9.59,6.38,80.31
3.11,8.16,0.63,6.05,7.23,7.39,54.13
7.25,7.87,3.38,7.73,6.44,4.29,55.46
7.77,7.76,2.55,3.3,6.5,7.72,55.7
5.57,7.7,4.46,7.79,4.9,4.25,55.02
1.77,8.25,3.58,7.46,9.57,6.12,55.91
6.92,6.89,5.31,7.88,7.0,6.36,61.55
2.21,5.62,0.34,6.3,6.74,2.59,38.84
3.97,8.61,4.34,9.27,6.24,7.74,64.26
6.33,9.64,0.25,7.23,7.08,3.62,74.41
4.08,8.69,6.64,4.86,4.49,4.62,34.28
6.63,8.44,7.92,6.05,6.63,2.92,36.24
5.43,6.85,2.4,8.05,5.47,6.88,59.8
1.92,9.29,4.64,8.25,1.78,4.91,31.08
6.42,5.05,6.35,6.26,5.29,4.37,34.45
7.47,11.05,3.96,6.89,4.08,7.08,67.56
8.53,7.17,5.31,6.32,4.91,1.42,48.99
5.08,9.07,2.55,4.08,7.08,6.89,56.91
5.85,7.31,9.67,6.96,4.73,5.95,32.98
2.26,8.16,4.71,5.49,6.12,5.09,32.49
10.91,7.49,4.09,5.69,3.44,5.06,61.19
9.76,5.0,7.25,6.41,8.02,4.37,57.15
5.92,8.94,6.76,5.65,9.34,2.48,53.85
5.69,6.4,0.09,5.4,7.78,4.91,51.74
0.0,6.28,8.24,8.23,9.02,3.7,24.54
8.59,7.27,4.32,4.73,5.59,7.01,57.72
7.41,7.57,0.0,5.76,8.53,4.09,67.39
8.03,8.53,4.22,5.84,9.2,6.71,73.8
4.99,7.23,2.01,8.24,6.09,3.1,48.65
4.83,12.02,6.28,8.24,5.06,3.08,53.31
2.91,5.69,7.45,9.82,4.51,1.89,28.09
7.95,7.51,5.01,6.47,6.34,3.53,57.21
9.13,8.73,3.18,6.85,1.14,4.04,44.33
8.81,9.63,2.09,5.77,9.56,4.8,79.0
6.47,8.94,6.26,5.89,7.54,2.44,54.55
5.18,9.27,4.57,9.69,6.93,6.96,70.34
3.37,6.96,1.01,5.5,9.44,1.64,45.02
4.25,8.89,7.24,7.31,7.89,3.96,52.2
7.17,9.95,2.67,7.3,3.76,5.51,69.06
5.29,8.74,6.74,7.12,4.93,5.11,44.93
10.1,11.59,3.41,6.19,6.97,1.26,73.73
8.88,7.91,2.88,9.18,8.01,6.39,84.55
4.5,7.5,5.51,8.57,6.65,8.76,56.87
2.96,5.42,10.0,6.39,5.58,5.43,25.36
4.63,7.34,6.31,9.95,3.42,3.81,39.76
8.66,8.77,2.68,8.41,3.32,5.09,69.41
4.69,9.34,7.44,7.24,4.47,2.98,37.21
7.36,10.1,4.16,4.72,5.38,2.92,51.53
4.59,8.33,9.42,7.81,5.84,6.31,46.09
6.86,7.15,0.51,8.04,2.21,7.46,58.06
7.32,6.02,10.0,7.33,7.23,3.79,42.13
8.46,7.73,7.06,6.86,10.0,5.79,67.32
9.58,6.46,2.27,7.06,8.49,4.66,72.28
9.28,7.7,1.5,7.45,8.12,6.56,90.76
4.67,5.92,7.89,7.46,6.13,3.39,31.02
5.63,7.47,3.55,8.09,6.84,1.43,48.75
3.07,7.05,1.5,5.23,8.22,5.18,49.08
5.41,9.53,5.54,7.21,2.16,7.55,49.52
6.06,6.25,6.59,6.41,7.68,1.72,36.68
4.99,5.47,6.53,7.78,5.69,3.05,37.78
4.74,9.18,1.51,4.33,5.83,4.48,47.54
8.58,10.26,3.13,7.46,3.33,5.99,70.13
8.27,9.16,5.35,7.33,4.34,4.94,59.32
7.0,7.79,1.55,7.85,6.81,6.18,70.99
2.81,6.71,4.35,10.0,5.73,3.09,45.17
6.5,7.69,4.98,4.29,4.33,5.03,41.84
5.04,7.41,5.02,7.5,6.73,2.66,50.6
9.29,6.2,0.0,5.87,5.11,3.04,58.38
1.49,8.02,3.58,9.21,3.56,1.47,24.71
4.6,9.93,2.81,7.15,10.0,7.9,75.41
4.53,9.28,2.93,7.64,4.83,6.65,52.83
4.83,8.53,9.3,6.22,8.55,3.36,44.1
8.39,7.91,6.4,5.52,3.56,2.58,38.6
0.12,6.53,3.44,7.54,6.7,7.75,42.64
5.48,9.64,9.06,7.86,6.91,3.66,45.62
8.13,5.84,9.37,4.98,8.49,4.77,43.71
8.45,4.79,4.5,7.36,5.42,9.27,65.99
4.63,7.91,2.69,6.97,6.26,9.89,73.29
4.3,7.37,6.63,7.23,5.15,6.64,47.64
6.87,7.47,0.65,6.64,8.15,2.54,66.26
6.38,9.09,5.48,6.37,2.94,1.92,38.03
6.17,8.81,3.8,5.27,5.63,2.81,40.28
0.0,9.0,0.0,6.27,6.47,3.91,36.29
3.18,9.64,9.06,7.71,8.43,5.18,50.37
3.84,6.1,1.84,9.9,2.9,7.7,50.74
7.61,10.62,0.0,7.75,4.1,3.08,67.6
2.4,6.72,4.18,4.27,7.14,4.96,33.48
3.38,8.46,0.42,8.67,5.01,4.99,59.04
5.61,10.81,9.94,7.55,9.63,4.01,54.38
2.78,10.44,3.06,8.92,5.73,6.14,55.76
7.61,10.12,10.0,9.9,2.94,3.73,52.15
5.02,7.97,0.0,8.88,8.25,1.52,60.42
10.58,5.81,10.0,7.49,8.26,3.85,59.28
4.43,6.4,4.29,7.01,3.51,4.65,36.9
4.56,7.52,3.68,8.56,4.74,7.29,53.16
8.01,6.97,4.43,6.46,4.43,6.19,57.12
4.36,6.92,7.4,6.83,5.77,6.15,40.98
9.78,7.65,2.21,8.54,6.27,5.85,84.73
7.21,7.04,7.41,8.46,9.25,3.5,65.14
5.24,7.23,2.91,6.2,2.64,4.88,36.63
5.6,8.14,2.94,8.23,6.01,4.8,54.84
13.13,6.51,4.11,5.66,3.61,0.94,56.04
7.22,9.08,7.05,6.22,7.75,4.65,54.97
6.38,9.42,2.12,7.94,5.21,5.81,61.75
5.67,7.31,10.0,10.0,5.69,5.38,45.09
8.59,8.01,3.25,8.69,7.74,7.83,82.2
2.2,10.28,10.0,7.37,4.46,6.25,27.65
5.55,9.2,2.19,4.51,8.25,8.07,68.48
0.0,10.43,10.0,6.29,7.26,2.04,20.24
4.67,9.16,8.13,7.28,6.79,6.43,56.19
8.12,9.55,9.95,7.6,2.69,5.11,47.17
9.46,7.15,0.9,6.62,6.1,4.88,73.83
7.51,7.96,2.32,4.44,2.54,4.52,45.47
7.6,6.86,2.06,6.12,4.83,4.69,52.65
1.71,8.13,4.84,6.8,6.47,3.9,36.0
4.3,8.82,7.12,5.8,3.55,5.65,39.38
9.69,8.35,8.02,7.79,3.58,5.58,57.14
4.69,5.75,6.49,5.5,4.56,1.11,23.17
5.66,6.82,6.85,6.7,7.0,0.49,38.37
3.99,6.23,9.3,6.33,7.66,6.08,38.59
3.67,8.47,5.01,4.06,6.78,3.64,31.05
4.82,7.41,3.71,6.38,7.88,4.48,46.36
4.35,8.4,6.93,6.85,9.02,4.42,47.31
8.39,4.89,6.52,8.54,2.37,6.71,55.03
6.54,8.15,0.84,7.94,5.43,7.6,77.74
8.55,6.47,5.5,7.2,7.31,2.79,53.81
2.53,9.07,10.0,6.56,7.5,6.4,31.08
9.06,9.16,5.18,7.66,7.22,3.02,65.93
6.05,8.83,8.15,7.43,7.34,8.41,60.45
10.6,9.41,4.42,4.17,6.04,6.26,68.47
5.87,9.22,9.95,4.98,5.05,2.5,32.84
2.27,7.22,6.87,3.64,6.86,2.95,10.71
9.21,5.83,3.24,8.58,3.02,2.57,46.7
5.66,9.07,7.98,2.88,8.19,3.55,37.87
0.62,8.48,10.0,10.0,7.38,5.1,39.68
6.36,4.58,6.88,8.0,7.19,6.32,48.88
6.58,5.43,5.29,6.83,7.99,6.79,48.03
8.69,6.06,7.14,8.09,5.6,4.72,48.79
0.0,7.88,5.91,5.56,7.81,4.41,20.23
8.87,5.9,7.68,5.8,5.49,2.51,39.49
4.81,8.98,4.04,7.56,3.72,4.9,44.53
10.82,7.24,2.13,6.32,5.48,3.12,63.05
1.7,10.32,8.31,6.79,5.59,6.67,35.92
7.36,8.64,10.0,5.96,3.47,7.43,46.25
7.03,7.8,6.37,6.25,8.11,6.82,63.9
4.94,8.63,5.15,7.07,3.5,4.77,45.56
4.07,6.6,10.0,9.09,9.77,7.11,49.27
5.07,10.17,8.4,7.2,5.47,3.45,44.86
5.13,9.58,8.11,6.13,5.52,8.61,48.39
2.87,8.37,5.98,7.83,5.14,5.85,37.83
8.48,10.9,3.5,5.86,8.06,4.92,79.12
3.27,5.8,3.91,6.55,8.02,4.55,35.36
8.56,9.21,4.42,10.0,9.97,6.16,95.13
1.53,9.81,0.81,5.65,3.64,6.65,42.88
5.56,8.75,4.34,7.57,6.26,2.13,47.16
5.59,7.77,5.45,6.52,6.96,7.82,61.4
5.96,4.91,4.16,6.15,6.39,1.41,27.14
8.39,9.63,5.94,6.53,4.01,5.64,55.27
5.49,7.36,4.77,3.99,5.7,2.3,30.38
4.86,7.89,5.49,5.35,4.95,6.47,35.67
5.5,9.48,3.14,8.04,6.08,5.06,68.93
8.45,9.48,4.05,6.61,4.95,8.87,75.01
2.99,6.27,4.99,5.03,5.27,6.98,32.89
3.45,6.52,2.78,4.25,8.1,2.34,34.65
1.11,6.94,4.72,6.24,2.62,6.76,21.78
11.07,9.03,3.15,6.55,4.71,4.64,77.61
3.1,9.62,8.26,6.85,7.74,4.29,45.86
1.29,8.75,4.27,8.9,4.7,4.81,35.58
3.98,7.34,6.54,5.97,5.02,4.29,33.55
4.47,7.78,3.31,6.88,6.81,2.04,51.48
9.66,10.08,4.36,7.21,6.67,5.25,75.55
4.84,6.31,4.72,4.19,6.51,2.22,30.82
6.73,9.17,1.24,8.14,6.3,7.28,81.7
1.52,7.84,0.05,6.19,5.72,7.06,45.01
6.52,8.73,0.94,7.39,7.25,3.16,60.66
1.88,8.04,7.06,6.55,4.68,0.71,18.39
5.22,9.55,6.54,8.45,6.62,4.3,55.53
4.1,8.8,4.15,7.18,6.24,3.75,44.67
6.15,8.11,0.0,8.04,8.99,1.41,61.44
7.59,11.4,7.22,7.67,3.64,5.83,64.68
2.66,9.88,3.22,6.47,4.47,3.63,46.56
3.16,8.41,5.75,5.48,3.56,6.2,30.64
6.48,9.16,5.96,4.85,7.99,2.86,54.9
7.72,8.18,8.65,2.97,7.31,5.64,39.78
9.54,6.96,5.07,7.59,3.52,6.49,63.15
4.82,5.42,0.0,5.61,4.92,4.73,46.38
2.27,11.1,6.87,8.9,8.95,4.86,57.84
6.47,7.34,2.42,7.19,8.99,4.45,65.55
4.01,8.88,0.41,8.86,4.95,3.75,49.31
3.69,9.9,2.15,8.24,4.87,8.38,71.46
9.52,7.34,0.0,7.08,8.4,6.39,85.19
7.55,7.58,7.2,6.3,6.2,5.49,51.63
4.18,8.78,1.57,7.73,5.55,8.71,66.59
5.95,8.79,7.36,6.61,6.01,3.44,40.09
5.79,8.05,4.62,4.92,6.11,5.35,51.93
6.41,6.42,4.47,5.9,3.58,3.12,33.67
4.99,9.93,6.83,6.86,3.54,5.85,44.73
1.25,9.14,0.0,7.48,4.54,5.07,44.78
3.56,8.27,6.97,5.16,4.61,4.84,26.11
4.67,9.21,5.56,5.89,5.29,2.55,39.64
6.07,3.13,8.07,8.52,6.31,3.42,33.39
3.29,8.1,3.69,5.58,6.68,3.7,43.64
6.47,7.37,6.1,5.5,9.05,0.37,42.62
5.05,5.06,2.6,9.04,6.15,4.46,52.71
4.1,8.82,6.87,7.45,3.28,4.86,35.7
2.82,6.52,7.32,5.35,5.64,3.59,20.64
7.12,10.12,0.0,7.89,5.91,5.56,84.37
7.06,7.79,5.99,6.57,5.49,8.43,64.82
8.0,9.0,2.07,6.91,5.99,3.17,61.81
7.37,7.13,4.37,6.14,6.46,5.36,59.02
7.56,9.23,4.26,6.44,6.4,2.91,57.9
6.96,10.13,5.62,8.63,6.04,1.49,62.9
1.6,5.64,6.38,8.75,9.64,4.13,44.36
5.3,8.93,4.19,10.0,3.94,5.63,54.93
2.42,5.53,3.19,5.35,5.47,10.0,39.05
9.42,7.83,3.05,8.67,4.56,3.36,70.02
5.96,8.39,0.66,7.2,7.09,4.48,65.48
9.17,6.36,0.0,7.65,3.12,3.54,64.75
3.42,7.5,8.76,6.19,6.65,9.25,38.75
5.77,10.25,0.71,8.09,3.54,6.71,66.39
6.66,9.34,9.78,5.75,5.22,5.19,45.18
5.17,9.55,1.69,8.97,8.18,3.93,73.43
6.47,10.45,7.02,5.31,6.27,8.76,61.58
9.71,7.53,8.54,6.37,7.69,2.82,56.57
3.42,9.5,3.78,6.9,5.77,2.73,40.96
0.0,7.1,4.75,5.13,7.86,2.73,19.45
10.0,9.87,5.61,8.23,10.0,0.0,81.75
4.02,6.31,5.5,9.25,5.64,5.06,46.31
8.81,6.75,2.74,7.68,8.57,3.87,75.71
7.63,10.62,0.27,5.76,4.66,2.99,62.88
5.46,8.91,5.77,4.84,1.9,7.94,37.63
6.95,8.49,6.19,10.0,6.38,3.93,62.96
3.15,7.73,2.95,10.0,6.62,6.0,65.36
6.21,7.43,8.6,8.49,8.1,5.38,57.38
7.49,7.89,3.33,8.56,7.42,4.79,62.34
4.06,7.87,7.3,8.18,5.25,8.37,43.4
5.05,9.02,7.22,5.93,4.66,4.74,45.44
6.78,10.55,0.05,7.46,9.08,2.7,74.66
9.31,6.74,7.45,6.52,8.51,5.82,63.25
5.99,8.27,0.0,7.19,6.88,6.12,73.55
4.92,9.22,5.77,10.0,6.61,7.35,60.73
5.63,7.59,2.66,6.26,5.14,7.77,51.28
8.9,9.23,5.33,6.03,4.61,5.39,58.83
4.4,5.93,8.57,5.1,3.12,3.18,14.44
5.25,11.45,6.68,7.28,4.84,7.13,61.78
4.42,8.51,6.71,6.03,3.85,2.3,27.82
5.49,7.93,7.95,4.48,7.75,6.82,41.19
6.53,6.93,3.56,6.32,6.73,5.23,52.72
8.58,7.6,6.61,6.91,6.44,7.29,62.15
0.69,9.11,5.41,7.09,6.01,3.23,33.6
7.39,11.59,3.57,6.75,7.55,5.99,76.54
3.77,6.05,5.97,5.87,5.86,4.02,33.26
7.48,7.85,2.72,7.16,4.22,4.84,63.57
9.1,6.32,6.76,7.14,5.0,9.73,68.91
8.49,6.18,0.94,5.54,7.52,7.82,71.98
6.39,8.13,9.1,7.14,10.0,5.05,49.15
8.09,7.25,3.91,8.13,6.66,6.59,67.35
3.64,8.5,6.36,6.0,7.56,3.82,42.07
5.83,9.04,3.69,6.07,5.0,5.36,60.1
9.8,6.12,2.71,6.11,3.36,0.83,43.5
4.03,7.2,4.72,8.12,4.68,3.09,38.59
6.49,7.59,9.66,4.48,8.15,4.55,41.5
5.08,4.75,5.09,6.87,7.76,2.83,40.78
5.51,7.61,2.49,4.77,5.65,2.42,42.78
7.02,6.09,0.0,7.71,5.52,9.74,72.13
5.33,7.67,5.19,6.81,3.49,5.64,43.82
5.99,7.93,5.35,8.56,5.4,4.48,55.94
4.74,5.19,2.49,5.87,3.95,4.74,32.0
1.44,6.33,6.73,8.33,4.16,6.79,30.03
6.48,8.59,5.6,6.03,6.52,4.97,46.34
7.1,9.33,5.21,6.06,7.63,4.71,58.29
9.46,10.84,5.96,5.81,6.38,3.23,67.16
5.67,8.53,1.38,6.47,7.0,4.3,61.72
2.51,7.02,5.72,6.87,8.93,4.57,45.21
4.11,6.62,4.91,5.5,7.19,8.37,46.63
7.35,6.09,8.34,6.26,7.36,7.77,47.88
5.79,9.54,3.26,8.37,5.85,8.22,71.08
6.7,5.96,6.96,7.08,3.27,4.33,40.27
5.12,6.84,4.96,9.04,2.44,5.39,42.21
10.67,7.81,7.87,7.84,9.15,0.74,64.83
10.32,9.91,10.0,7.48,8.13,5.72,71.95
3.67,8.92,5.93,7.07,7.03,6.69,47.48
8.27,7.79,3.3,8.03,8.69,4.77,71.55
6.76,8.95,5.53,7.07,6.91,3.34,60.72
6.03,10.88,6.5,7.64,7.05,4.46,63.22
3.85,7.5,3.44,7.99,2.68,8.45,43.4
10.05,9.71,4.26,5.93,3.6,4.91,60.57
8.91,8.92,3.93,9.92,4.6,4.64,71.89
2.36,9.87,9.43,8.03,6.68,3.59,38.43
9.46,8.22,5.18,4.99,4.87,1.28,44.76
5.9,6.97,6.41,9.07,5.63,6.64,57.09
4.51,6.43,1.84,5.27,8.5,4.78,51.1
3.56,7.71,1.17,8.39,7.05,2.54,48.04
8.36,6.48,1.21,5.18,6.52,5.16,59.1
7.0,5.85,5.67,5.08,3.31,1.9,25.92
3.81,11.51,2.6,7.13,9.23,1.09,56.61
3.97,6.61,2.38,9.05,4.31,3.57,46.55
5.03,7.27,6.77,7.12,7.84,4.29,49.2
4.72,8.2,7.93,6.29,8.79,3.09,40.12
7.32,10.7,3.02,5.28,3.57,3.39,52.96
6.95,9.0,0.0,8.71,5.3,4.42,72.52
4.41,10.09,0.89,7.75,6.47,3.68,59.32
1.86,8.26,0.0,6.19,4.82,4.39,42.87
2.67,8.05,9.72,6.77,6.96,4.78,32.3
8.18,8.32,4.08,8.8,3.79,2.81,61.47
3.51,9.84,1.66,9.14,7.54,3.43,60.7
6.28,6.66,10.0,7.8,3.45,5.94,38.0
1.59,7.11,0.97,6.9,4.12,2.54,34.0
6.99,9.4,5.48,6.08,4.53,5.58,56.12
10.8,10.1,2.5,6.04,3.03,2.97,72.0
2.68,5.82,0.55,9.51,4.06,3.2,40.86
7.37,7.27,1.98,7.24,7.18,6.18,69.33
6.68,8.75,8.48,7.48,5.91,3.0,43.45
8.29,8.91,4.4,9.61,6.43,6.34,82.73
5.67,9.78,7.5,4.04,3.53,7.57,36.85
6.68,10.17,3.16,9.89,8.2,4.0,77.85
6.45,7.38,2.81,5.59,9.43,9.41,67.83
7.43,9.67,3.74,4.88,3.96,4.94,53.51
3.9,6.7,8.12,5.14,4.74,6.9,26.23
6.48,9.59,3.18,4.77,7.36,3.96,59.48
8.03,7.74,2.18,8.27,6.08,4.51,72.62
8.92,8.67,0.86,7.9,5.06,7.37,92.29
7.24,9.18,3.33,8.54,7.52,6.01,73.82
3.17,9.33,0.68,5.43,3.12,1.25,32.48
2.12,8.57,10.0,7.86,7.86,5.52,37.34
7.02,8.49,5.8,7.53,2.52,9.26,60.09
3.47,6.11,0.5,6.68,7.43,2.25,52.39
8.11,8.68,6.64,8.65,7.68,8.21,72.27
5.28,7.03,3.0,5.91,4.84,5.84,48.36
8.53,7.26,5.08,3.6,5.91,3.42,44.98
11.31,8.61,1.45,8.58,3.37,5.91,80.17
5.84,10.38,4.35,8.14,10.0,7.65,87.48
5.71,9.48,5.89,6.27,5.51,5.57,50.09
8.53,7.89,4.1,7.01,3.67,9.25,63.66
8.66,7.72,7.7,6.9,4.87,6.83,55.92
10.25,6.93,8.09,6.46,5.72,0.53,49.47
6.49,8.08,9.57,7.53,6.95,7.96,54.19
4.42,4.52,0.86,7.15,6.9,7.48,52.97
6.02,7.82,5.71,6.56,6.57,3.93,44.9
4.44,7.03,9.67,6.86,6.89,8.62,43.54
6.6,7.75,3.4,4.84,6.15,4.42,50.97
3.83,5.73,8.53,5.96,6.21,6.06,30.29
8.26,7.38,5.5,6.01,2.15,5.59,46.65
7.74,10.24,2.34,6.83,7.83,2.78,68.73
6.35,8.29,3.42,7.15,4.12,2.57,39.66
6.06,6.32,5.69,8.1,6.18,3.33,41.62
5.51,7.32,3.32,6.72,7.33,1.8,54.3
9.28,8.2,8.35,6.03,4.1,3.56,49.09
8.97,4.57,7.1,8.39,4.38,4.08,56.68
6.36,11.54,3.84,8.0,3.22,2.61,59.89
3.86,8.39,0.96,6.84,3.8,1.7,38.48
3.06,8.39,5.28,5.6,10.0,8.1,54.02
6.72,9.17,10.0,8.98,9.28,5.58,61.16
4.4,8.84,8.27,6.1,9.14,7.44,53.71
7.19,10.16,8.03,7.67,5.17,6.09,62.46
5.03,10.55,7.35,5.68,7.46,4.85,52.18
7.93,6.78,10.0,7.89,5.57,6.09,50.02
6.52,5.09,5.78,6.51,6.49,5.74,49.19
8.5,5.46,10.0,7.89,5.8,7.94,48.97
0.42,11.3,5.66,6.42,5.22,5.87,31.54
5.43,6.38,4.11,9.53,5.21,3.93,48.58
11.54,10.26,9.62,6.95,9.7,2.86,80.47
0.0,6.4,5.26,7.3,5.97,5.29,25.3
8.11,9.95,6.07,7.88,5.69,8.7,74.19
7.05,9.93,5.89,9.44,5.73,2.35,63.71
9.21,8.35,7.08,6.67,7.73,2.1,62.01
5.57,7.04,5.29,5.71,5.95,3.26,39.57
8.98,9.73,1.57,6.96,2.53,6.08,69.18
9.04,7.17,7.21,4.55,5.3,6.32,39.7
6.49,10.34,5.9,4.92,8.85,5.3,56.46
3.09,7.12,4.05,9.88,7.24,6.54,58.16
8.28,10.08,2.58,7.19,3.43,6.6,69.94
3.57,6.96,7.07,7.05,4.46,6.59,26.66
5.66,6.89,2.23,5.9,9.8,4.79,61.15
8.37,9.06,3.23,4.44,5.2,7.3,65.41
8.73,8.03,0.0,8.75,4.5,6.41,78.32
5.13,8.96,4.11,7.32,6.14,8.27,58.75
7.57,12.18,7.81,5.41,8.49,0.0,52.93
2.14,6.62,5.03,6.2,4.52,5.19,32.02
4.82,7.48,1.85,5.97,6.8,3.68,50.87
9.67,8.21,10.0,7.59,6.64,2.63,59.99
9.36,6.42,6.6,9.1,4.48,3.61,55.9
7.67,5.52,2.79,4.99,6.71,5.3,53.95
5.65,6.62,5.96,7.44,7.3,4.82,50.62
8.12,9.11,4.23,6.33,2.51,1.2,41.04
5.94,6.94,0.0,5.32,5.63,3.84,45.29
6.42,6.95,6.56,5.67,5.83,5.37,45.69
6.22,8.73,3.18,9.57,5.34,6.46,72.78
4.06,6.49,10.0,4.6,5.88,6.02,37.57
7.81,9.38,8.75,6.7,3.88,5.66,47.61
3.33,10.9,2.03,6.83,6.66,6.2,56.23
7.94,8.43,0.63,6.22,6.12,5.07,68.65
3.6,8.67,3.77,8.22,6.88,7.67,56.24
4.19,6.93,7.4,7.94,3.52,5.53,28.42
0.0,8.43,6.98,8.6,4.8,4.08,28.59
5.61,8.72,9.99,9.52,5.39,7.82,55.88
6.47,6.1,5.44,8.68,3.46,3.97,48.12
8.07,6.56,0.68,7.71,6.68,6.29,75.47
9.28,6.79,3.99,4.4,3.98,4.94,51.12
2.27,8.32,1.21,6.18,1.92,3.32,30.94
8.46,7.21,8.1,7.87,4.62,2.13,43.15
4.84,8.29,6.56,7.79,4.01,6.1,46.92
5.82,7.27,3.24,5.18,9.92,3.85,47.67
5.74,9.65,4.69,6.24,8.61,4.96,59.91
4.88,7.73,9.09,8.08,6.46,5.67,41.77
3.78,6.48,9.07,6.56,5.92,5.14,35.12
6.7,10.45,4.39,7.46,6.84,1.19,60.91
8.03,11.1,3.72,7.45,5.01,5.48,66.96
2.85,9.16,7.98,6.79,7.69,5.46,41.82
5.95,8.7,3.06,8.1,5.29,4.7,54.19
4.43,7.96,2.32,6.27,5.76,5.56,54.68
8.74,8.67,5.72,6.89,7.01,4.1,60.94
7.23,6.39,4.62,6.81,3.86,5.04,42.69
9.77,6.27,3.62,5.1,5.25,7.38,54.54
2.13,8.88,10.0,4.28,5.19,6.14,19.98
8.59,6.22,4.63,6.26,5.21,4.1,48.17
6.41,10.73,4.27,3.93,7.86,2.95,58.2
4.19,6.82,4.0,9.29,6.35,4.55,54.6
7.22,8.82,5.4,8.18,10.0,3.58,67.28
9.92,6.14,4.18,7.32,10.0,5.73,82.51
10.01,7.97,5.1,7.42,8.98,3.74,73.0
8.06,8.63,0.0,4.85,6.28,4.7,66.85
3.52,7.36,1.53,10.0,3.87,2.44,45.16
6.77,7.05,9.56,8.49,4.42,2.77,41.74
6.86,7.6,8.17,6.89,6.58,3.7,45.91
9.11,9.96,8.47,7.8,4.84,4.62,70.69
5.59,9.52,4.63,5.08,7.81,2.08,49.41
6.04,9.66,1.36,6.33,6.33,3.34,65.73
4.37,9.56,7.89,7.3,6.32,8.31,60.34
7.67,10.28,7.63,5.11,7.55,7.39,52.7
5.46,9.22,2.55,5.26,2.49,7.19,53.42
6.46,4.58,10.0,5.71,4.07,4.17,23.48
4.83,8.96,6.76,6.45,7.01,5.66,50.26
6.12,8.68,7.49,8.98,5.23,6.99,53.46
3.3,7.67,1.47,7.6,4.49,7.67,56.8
6.4,5.79,10.0,7.58,2.88,6.26,33.75
4.49,6.98,5.46,4.6,6.87,5.45,38.12
7.75,7.5,6.72,6.26,6.93,0.33,44.88
10.62,9.31,4.71,4.97,4.86,4.11,58.46
8.11,9.08,6.38,7.42,4.24,1.86,49.59
3.2,6.26,0.75,6.32,8.8,6.44,53.19
5.1,8.91,7.63,8.83,1.22,7.66,46.92
1.98,5.12,6.36,6.78,5.28,6.86,29.74
6.03,7.36,0.31,5.82,3.05,2.8,46.87
1.56,7.98,8.35,8.77,3.27,0.22,12.82
3.0,9.12,4.98,6.95,4.81,4.63,40.03
8.74,7.61,9.56,5.3,8.29,3.7,49.66
8.15,8.84,2.8,4.5,3.8,6.95,61.05
2.2,8.44,0.0,6.81,5.08,1.53,40.8
4.88,8.73,5.8,7.67,5.44,5.29,56.75
7.16,8.99,6.38,7.18,4.54,8.98,58.74
6.98,7.58,10.0,5.98,4.9,3.25,30.72
1.93,9.32,3.12,6.98,7.22,2.15,42.52
6.65,10.33,6.38,5.54,5.4,4.37,51.88
4.48,7.76,8.19,5.67,5.75,7.34,42.8
9.0,4.61,5.72,4.16,9.75,3.95,53.51
5.5,8.99,5.67,6.53,9.81,4.87,66.98
6.9,8.03,0.96,7.96,4.05,3.42,55.82
5.73,8.72,7.88,6.77,7.63,2.55,48.83
7.67,6.81,4.93,6.86,4.95,2.19,52.64
4.08,7.31,10.0,9.48,10.0,6.3,55.18
7.67,8.09,8.72,9.68,9.14,2.79,63.9
9.02,7.74,3.53,6.11,2.62,4.08,52.21
10.59,7.92,3.2,7.24,8.2,3.26,82.06
9.96,7.26,1.16,10.0,5.21,4.09,78.87
4.66,7.8,4.94,5.14,9.34,5.84,46.57
7.44,9.03,8.11,4.56,7.6,3.2,51.18
8.02,8.81,6.49,5.9,9.58,4.07,55.4
7.48,6.1,8.8,6.32,5.36,6.71,43.44
7.88,8.32,3.21,9.2,5.98,5.99,77.02
7.06,6.91,8.41,5.6,7.33,6.4,42.16
4.64,8.56,4.83,5.37,3.46,5.86,29.21
6.52,9.79,8.82,10.0,6.82,6.2,65.88
8.12,9.23,0.48,6.27,7.14,4.7,71.23
7.15,7.01,2.93,7.54,4.61,2.59,47.18
3.26,8.14,2.93,7.51,0.6,3.88,30.22
3.81,8.58,7.38,8.31,6.41,5.94,51.82
4.98,8.68,0.24,7.18,8.17,5.44,75.27
5.49,6.72,4.66,5.67,6.66,4.67,50.44
6.39,8.79,8.46,7.24,6.02,5.33,55.38
3.56,8.48,7.18,7.78,6.18,7.52,48.34
7.99,6.57,5.1,6.87,7.28,5.42,59.12
1.36,8.54,9.54,6.71,4.53,7.69,30.58
7.32,7.33,6.29,8.71,4.3,3.13,44.25
7.27,6.65,5.83,5.42,6.13,2.76,35.73
7.61,7.4,4.18,8.14,9.01,7.5,78.87
0.0,6.57,10.0,7.44,4.76,5.86,20.6
2.63,6.92,9.83,8.12,4.41,6.78,32.16
5.12,10.22,6.1,6.41,9.52,6.09,65.68
6.42,6.06,6.13,8.14,6.94,1.56,41.22
5.8,9.17,5.63,7.54,2.83,3.36,36.99
3.97,8.7,5.19,6.2,8.17,4.78,53.26
9.21,10.28,4.59,4.63,6.35,1.84,51.91
6.81,11.0,6.58,3.74,7.72,4.25,47.93
5.01,7.78,2.81,6.8,3.45,5.75,44.73
3.53,8.47,2.66,5.75,5.05,4.37,36.29
6.17,8.1,2.47,6.29,9.46,6.41,69.03
9.15,6.35,7.68,5.83,6.55,2.8,47.27
6.09,7.34,0.0,6.76,4.75,5.46,63.01
5.92,12.15,10.0,6.84,9.09,3.21,52.42
6.17,8.64,3.2,8.42,6.69,2.43,60.45
6.3,5.67,1.36,5.67,1.09,6.37,31.16
5.42,8.95,4.86,7.72,6.79,6.28,57.83
3.57,9.58,1.81,5.29,5.3,8.24,51.18
9.82,9.06,3.12,2.93,8.23,7.44,66.95
7.59,5.81,3.59,7.63,8.28,1.44,58.39
11.29,8.4,4.73,5.46,8.53,7.22,85.76
7.24,5.55,0.0,8.78,8.19,4.26,72.71
5.42,7.63,6.25,5.93,7.43,4.33,42.49
3.64,3.82,3.16,6.43,7.46,2.76,34.3
5.18,5.24,0.0,4.74,4.35,1.49,36.62
3.12,8.5,5.29,7.98,6.82,1.52,41.41
11.24,9.65,10.0,7.93,4.82,3.21,60.84
5.96,7.83,0.0,7.49,10.0,7.49,82.21
7.97,9.03,4.39,7.97,5.2,2.05,62.05
8.4,10.83,5.29,5.07,3.45,7.09,57.55
8.7,6.48,8.99,7.28,2.18,5.9,44.16
12.37,8.95,1.78,5.71,3.74,4.24,74.04
5.76,9.88,8.02,8.92,4.06,4.26,47.33
5.55,8.27,2.78,6.26,5.26,2.96,53.71
6.41,8.61,7.43,8.06,5.16,2.36,44.47
7.87,8.74,8.23,7.88,5.15,5.37,55.0
6.45,7.34,3.78,5.0,6.77,6.58,53.97
5.33,9.89,1.27,5.36,5.53,8.35,68.31
4.21,6.08,5.92,7.0,5.94,4.85,42.55
4.06,7.39,5.38,8.74,8.3,2.1,49.55
6.67,8.2,1.46,7.06,4.77,5.09,56.43
3.5,9.41,6.09,8.41,5.64,4.08,39.16
1.46,6.34,4.79,6.6,4.69,5.62,36.06
6.29,9.4,4.84,6.42,8.64,4.75,66.03
8.91,7.82,5.28,8.37,6.67,3.2,66.35
7.65,9.52,4.93,8.1,6.65,4.48,71.25
5.96,11.25,3.33,5.52,3.69,1.74,46.81
7.01,9.42,6.81,8.32,6.65,1.64,54.95
1.88,8.5,1.86,8.34,8.19,6.85,59.46
4.28,8.53,10.0,4.96,4.02,3.26,22.45
10.2,8.97,0.0,7.97,4.88,4.58,75.09
8.96,8.91,7.42,6.88,3.87,7.45,56.75
4.22,6.73,7.61,8.92,3.46,3.24,28.77
10.39,8.37,4.08,10.0,5.07,7.93,86.96
4.21,8.84,1.42,8.91,7.28,3.74,65.71
3.94,6.58,5.21,5.26,5.1,2.77,21.21
9.84,7.84,2.11,3.49,10.0,7.92,79.33
9.27,5.92,4.04,5.96,4.92,5.07,59.46
4.53,4.04,2.33,9.38,6.6,1.58,39.71
5.88,7.7,7.95,8.2,5.31,2.74,41.04
5.15,7.52,4.78,5.53,5.08,6.04,41.46
7.26,10.29,8.47,7.13,2.81,6.49,51.84
9.92,5.86,4.85,7.81,6.0,5.93,68.69
7.33,8.89,0.0,6.37,7.53,4.07,76.36
5.72,8.28,5.5,7.34,7.24,4.71,59.25
2.63,9.6,9.18,4.57,6.61,4.88,27.78
7.94,7.36,4.62,3.88,7.99,3.59,49.42
2.94,8.91,1.31,6.63,5.61,2.72,38.15
5.53,6.52,3.99,7.73,6.83,6.32,58.61
8.4,8.67,1.62,5.65,5.01,5.72,70.15
8.03,8.21,7.83,6.07,6.89,3.94,52.45
8.1,7.26,1.57,8.56,7.37,5.94,78.19
7.75,9.71,2.01,5.53,6.7,9.2,84.54
6.36,8.2,4.8,8.36,8.7,4.46,63.18
6.76,9.05,8.78,8.69,9.31,3.17,57.01
6.23,10.34,2.12,6.65,3.89,0.82,53.39
7.21,9.98,4.33,6.58,7.79,2.48,55.27
7.34,9.61,3.63,4.91,4.71,3.49,45.93
6.33,7.69,3.9,7.94,5.09,8.12,64.85
7.28,8.52,0.0,6.03,3.27,2.2,54.36
4.29,8.83,0.87,6.08,6.16,3.98,54.71
5.23,9.28,2.55,4.76,3.3,4.11,39.31
6.58,8.87,5.87,8.82,9.26,3.15,69.62
10.81,7.17,3.28,7.74,7.25,3.1,73.06
7.32,7.64,0.32,6.73,6.91,3.16,67.28
5.66,7.71,3.96,7.54,4.82,6.49,58.15
5.45,7.44,5.94,6.0,9.24,3.68,56.29
7.86,9.15,9.69,8.4,4.03,8.38,58.41
5.76,5.33,5.99,6.68,4.9,4.82,36.46
7.59,7.08,2.04,6.51,4.29,3.24,49.93
7.28,7.54,5.01,5.87,5.09,6.91,50.24
2.88,9.89,4.13,8.02,4.19,4.02,45.74
7.18,6.53,0.69,8.26,5.47,2.12,58.72
7.16,8.78,5.11,5.68,5.53,3.28,53.59
7.99,8.18,9.22,8.0,7.55,7.11,67.37
3.91,7.01,8.9,7.05,9.0,5.01,42.63
8.74,11.11,0.0,4.58,5.71,4.68,78.42
5.58,9.07,4.48,9.66,9.24,2.59,66.99
10.97,7.25,3.69,7.52,7.54,3.04,79.95
10.38,9.77,4.18,6.08,6.79,4.28,85.71
4.48,8.06,5.28,4.4,7.9,4.42,42.69
2.58,6.22,1.01,6.08,9.29,4.16,51.82
7.74,3.56,4.16,6.91,4.4,3.58,43.73
3.95,8.98,4.21,6.77,8.7,0.32,48.44
8.87,8.62,10.0,7.8,7.31,8.7,63.78
7.32,6.68,1.14,6.8,7.2,3.44,65.16
2.37,5.77,5.23,5.02,7.01,6.7,26.61
7.96,6.88,0.0,6.71,6.78,5.29,73.49
6.34,7.23,8.98,7.14,7.73,4.1,40.51
7.03,8.69,3.81,8.5,7.58,1.96,62.62
9.81,8.42,5.61,7.04,9.51,4.53,76.36
5.68,7.38,4.02,6.02,4.75,8.49,50.43
7.9,5.38,0.83,6.94,3.54,7.39,65.87
4.5,6.15,5.68,5.12,2.84,4.94,23.98
4.57,10.39,5.9,6.95,4.24,9.33,51.83
5.45,7.33,2.14,7.04,6.3,6.52,53.3
4.45,9.86,5.34,8.42,5.52,4.95,53.89
7.42,9.36,4.56,9.69,4.74,5.65,69.73
2.69,5.52,9.73,7.65,8.01,5.57,36.27
8.07,9.16,7.73,7.22,2.27,7.45,52.17
4.1,6.43,7.42,7.18,1.26,5.42,21.9
6.94,6.6,5.69,7.15,6.99,4.96,53.95
3.03,9.19,5.25,6.16,8.71,4.63,44.73
7.19,7.19,3.36,7.8,7.24,3.25,65.32
8.71,5.68,2.14,6.82,5.76,6.21,69.02
6.02,6.26,7.97,6.33,6.67,3.73,34.06
9.87,7.39,1.61,7.96,7.4,2.02,78.58
5.65,9.0,4.69,5.85,6.26,4.15,51.22
7.03,5.76,1.25,7.87,4.46,6.97,65.26
3.69,8.05,4.1,5.36,7.8,3.75,36.11
7.1,10.46,3.55,5.47,2.61,3.31,45.03
4.58,6.01,6.84,5.69,6.65,5.21,38.84
4.2,7.21,1.44,5.5,6.57,4.23,43.94
9.95,7.28,0.0,7.41,5.19,5.53,77.04
2.82,6.56,6.12,8.46,7.66,6.68,47.12
5.71,9.22,7.95,6.15,6.85,6.61,57.72
7.78,7.83,3.23,7.94,4.23,4.23,49.59
6.59,7.87,5.22,2.33,2.05,5.24,29.28
1.38,10.21,4.23,4.46,5.02,7.62,36.15
7.51,8.41,3.88,6.5,6.36,5.53,60.0
2.55,7.89,6.78,6.71,5.59,1.69,23.64
4.89,7.9,6.53,9.63,7.35,6.29,58.17
5.39,6.82,7.08,7.54,8.02,3.07,51.75
0.0,9.81,4.98,8.47,7.72,5.52,43.29
5.74,7.32,5.5,7.78,4.48,2.17,45.86
7.66,8.04,5.1,8.72,5.09,4.82,63.8
5.57,4.92,6.01,7.25,8.47,4.87,48.89
6.46,8.96,4.52,6.17,8.51,3.12,50.2
11.65,10.13,0.92,7.07,7.28,7.62,100.0
8.81,9.87,5.39,6.72,8.21,4.13,67.04
6.15,6.43,5.86,6.56,7.08,8.67,55.3
12.47,8.9,5.59,6.98,9.74,4.39,93.81
4.41,8.08,8.43,8.59,10.0,2.47,54.85
7.3,7.07,6.96,9.46,5.27,2.55,51.1
2.06,8.79,7.55,9.14,7.64,4.36,42.3
7.0,9.0,1.6,10.0,1.19,5.41,66.74
5.72,8.67,6.95,7.23,5.85,0.65,43.57
6.15,8.74,4.52,7.33,7.23,7.06,61.12
6.93,7.86,2.17,7.96,2.27,6.45,66.98
6.7,10.48,8.12,5.85,9.44,4.44,54.9
3.32,6.73,0.7,4.89,5.63,7.02,48.88
5.04,8.59,0.14,5.7,7.99,2.43,63.49
6.02,5.99,4.16,4.47,1.08,6.52,29.54
2.43,7.85,10.0,7.33,3.84,2.31,16.24
8.01,8.38,5.51,6.28,8.39,3.5,58.94
10.71,8.26,7.89,7.97,6.03,5.41,66.96
6.76,9.03,5.39,8.82,7.25,4.23,66.27
4.68,6.8,2.5,5.56,6.97,5.46,43.38
0.25,6.78,7.51,7.55,6.24,4.66,25.02
2.2,6.1,1.51,6.79,10.0,5.95,54.0
6.85,6.75,6.55,6.5,7.32,3.49,46.44
9.16,6.97,0.0,5.75,7.44,4.11,68.87
5.45,6.72,1.61,7.9,3.57,6.35,51.92
2.28,5.94,9.92,6.54,8.8,3.58,30.13
3.82,8.49,9.9,7.53,8.6,1.43,32.12
4.57,7.58,2.22,7.2,0.07,3.74,34.33
1.17,8.22,7.2,6.53,6.86,5.27,32.22
5.22,7.4,7.91,9.44,6.3,6.46,54.95
8.23,11.23,6.68,8.25,4.64,2.84,60.92
1.8,5.03,4.81,4.56,9.5,6.83,39.82
4.6,7.1,0.0,8.08,4.8,7.25,63.94
0.94,5.72,9.97,5.15,7.1,4.8,16.12
3.95,9.05,2.97,7.92,3.5,5.31,50.07
5.63,7.05,7.85,7.86,5.52,3.81,41.93
8.55,8.4,8.23,6.45,4.16,5.59,52.48
7.14,6.14,3.98,7.09,8.14,0.2,43.33
3.04,8.04,5.91,8.9,6.76,5.79,50.97
6.23,7.77,5.51,7.13,3.18,5.73,50.55
5.17,7.18,2.29,7.75,6.3,2.97,58.46
5.97,12.56,4.86,9.41,7.95,3.08,74.81
5.5,8.42,6.18,5.64,4.05,4.56,37.75
6.78,5.18,9.35,5.56,4.85,5.45,30.06
6.45,11.26,9.59,8.28,5.7,5.91,60.8
8.17,7.74,1.59,5.5,6.72,6.67,71.93
6.29,6.3,8.1,7.25,6.52,5.24,49.27
10.22,6.92,0.0,7.84,9.19,6.45,91.85
7.3,9.41,4.21,8.16,4.67,5.78,64.56
9.7,9.61,1.43,7.97,8.34,2.79,87.02
7.8,8.72,7.83,4.6,6.86,2.66,40.46
4.32,6.9,6.45,7.36,8.92,3.13,42.77
9.11,9.03,0.18,5.24,7.58,4.37,76.85
8.96,8.4,2.59,4.92,5.89,7.43,70.74
0.0,8.26,5.49,8.3,5.45,6.14,34.15
4.63,8.12,4.71,7.89,7.83,9.17,63.34
9.61,7.62,3.98,9.58,7.79,4.47,79.28
8.64,8.23,4.15,5.09,8.21,1.94,52.6
2.35,7.21,0.29,6.45,5.27,5.38,43.23
8.15,8.99,9.31,6.97,3.35,3.24,39.26
10.32,8.35,8.31,4.44,6.15,5.43,53.63
7.52,10.91,7.34,3.72,7.9,4.91,55.54
2.31,6.21,4.99,5.77,4.39,3.26,22.84
4.04,9.87,6.0,8.79,5.88,5.06,52.6
7.0,6.65,9.2,6.24,9.23,2.06,36.54
5.46,7.13,3.34,6.78,3.85,4.52,51.46
9.19,7.85,4.57,6.36,6.52,3.79,63.68
7.83,10.34,0.0,6.46,4.79,2.84,65.86
10.91,6.69,5.46,6.02,5.01,4.11,60.54
8.55,9.57,5.12,6.16,5.81,4.46,56.8
7.38,9.49,3.54,4.92,7.58,6.05,63.35
5.21,9.83,6.68,5.96,3.32,6.49,48.37
9.51,7.08,5.99,10.0,6.29,5.3,74.25
6.01,9.25,9.01,7.6,9.5,6.13,59.82
3.44,8.04,1.87,8.31,9.37,4.9,64.63
6.12,8.72,3.32,6.68,7.02,3.67,56.57
5.77,7.37,7.41,6.26,6.37,8.32,48.08
3.52,5.09,4.55,7.36,0.0,6.61,27.52
8.07,8.3,4.89,5.32,0.48,2.0,33.26
5.65,9.19,10.0,10.0,6.04,6.28,55.29
6.99,9.39,1.27,5.92,4.82,6.23,66.46
4.05,8.55,4.73,8.44,0.26,4.56,32.36
5.59,7.47,2.71,5.7,7.18,4.19,47.96
7.94,6.88,7.94,7.93,7.06,6.12,60.93
5.38,9.23,3.22,7.47,6.34,7.37,72.31
5.09,9.36,6.03,6.22,5.27,5.89,46.92
11.46,7.94,7.22,8.37,4.46,5.93,71.62
6.79,8.39,7.22,6.0,8.6,8.45,56.9
7.83,8.28,5.74,4.1,7.37,6.49,55.63
7.87,7.26,4.88,8.05,5.56,8.62,66.19
6.24,9.33,2.64,6.74,4.31,0.48,44.23
7.32,10.2,4.94,6.55,3.71,5.95,52.82
3.57,5.5,5.53,7.21,6.83,2.87,35.99
9.62,8.79,6.54,6.38,7.57,4.37,68.73
9.12,8.62,4.56,5.99,6.18,6.26,68.8
6.48,7.76,10.0,6.19,4.21,6.04,39.05
6.02,6.53,4.52,6.95,3.82,4.6,41.66
2.9,10.62,8.51,3.77,5.63,5.45,30.75
8.57,7.73,10.0,7.4,5.86,6.69,58.5
5.36,10.61,10.0,7.98,7.57,3.74,51.83
7.52,9.32,7.2,6.14,4.45,8.54,53.97
2.4,8.09,4.15,8.33,6.63,7.54,51.19
7.58,7.74,8.98,8.01,10.0,4.36,63.47
5.56,8.28,1.84,5.79,7.27,4.35,55.07
6.03,8.8,2.51,9.69,4.3,3.29,64.39
2.46,8.27,6.18,6.14,4.45,7.67,35.13
7.7,7.39,5.92,7.23,4.42,4.4,52.9
4.47,9.65,5.65,4.4,4.64,7.31,47.78
5.88,10.5,7.91,6.37,6.72,8.83,53.76
8.01,7.97,3.65,7.46,7.46,3.84,68.03
5.79,8.24,9.27,7.42,4.35,4.79,36.65
10.97,9.13,7.09,7.28,9.33,2.8,80.38
3.75,7.49,3.48,10.0,5.71,5.95,56.52
6.6,4.86,8.68,9.19,9.63,4.75,54.63
7.03,8.23,8.19,8.07,10.0,4.49,60.06
3.45,9.62,6.02,7.6,3.38,4.43,37.37
6.22,6.06,1.61,5.83,9.63,3.26,50.58
5.51,4.76,0.67,7.0,4.18,8.61,57.03
6.56,8.89,5.11,8.47,5.96,7.9,69.49
7.13,6.49,1.01,7.25,4.21,4.47,58.27
9.5,5.89,9.67,7.7,7.62,9.05,58.24
6.72,6.23,10.0,8.06,4.69,7.12,46.67
7.37,8.49,2.74,9.5,6.4,6.57,74.92
9.75,9.96,10.0,5.75,5.56,1.04,51.83
2.04,5.95,5.86,7.48,4.4,5.97,29.32
5.35,8.32,4.78,8.37,4.81,6.37,57.1
6.1,8.44,8.99,5.05,9.99,2.82,45.15
2.11,8.31,7.54,5.28,4.97,8.11,35.27
6.19,8.95,3.7,6.17,8.15,6.78,69.92
0.11,7.96,6.64,5.44,3.67,6.37,16.77
7.76,5.85,7.49,8.25,6.23,6.76,61.74
2.3,8.35,10.0,8.41,6.55,5.4,34.88
2.87,9.57,6.75,6.39,6.95,5.15,40.88
7.31,7.61,6.22,6.45,5.41,5.47,49.88
1.83,6.76,7.69,8.46,7.05,7.98,40.77
11.13,9.21,3.14,9.63,7.85,3.35,89.81
6.29,7.2,7.22,9.79,4.7,4.62,51.18
5.76,7.62,2.02,7.99,8.12,5.49,72.55
9.01,9.25,10.0,9.16,4.75,5.69,67.34
5.8,8.86,5.8,8.29,1.14,6.37,52.25
6.6,11.56,4.88,7.86,9.29,3.64,76.15
5.61,7.41,10.0,8.3,2.99,5.12,27.73
4.75,9.7,2.73,9.48,7.31,5.85,71.51
6.93,6.7,3.1,9.25,4.65,4.23,62.58
7.31,11.18,4.45,9.23,5.17,5.82,76.05
2.82,10.19,3.66,8.32,8.27,2.08,52.0
3.8,9.16,10.0,4.13,8.16,2.95,27.27
4.35,5.99,1.86,6.46,6.94,6.14,47.77
5.93,8.81,6.3,5.72,5.0,3.04,44.68
6.86,6.97,2.31,4.93,10.0,5.24,65.55
11.39,9.11,0.69,7.02,9.35,3.01,88.38
6.69,8.26,0.0,6.52,2.77,3.85,48.09
5.56,7.75,8.23,5.35,8.78,3.36,33.51
4.21,10.94,2.01,8.28,1.39,4.64,42.63
8.46,6.76,3.18,6.14,6.56,3.69,53.63
5.97,7.23,6.09,7.12,7.84,8.0,60.13
6.85,9.11,7.25,10.0,3.21,3.94,58.67
6.0,7.14,2.27,6.18,4.96,2.41,47.5
7.38,7.19,6.67,4.76,2.36,8.1,37.05
7.2,9.41,9.92,9.1,5.54,4.02,57.34
6.93,9.39,5.78,5.43,9.56,8.4,72.55
6.01,10.94,3.01,7.47,6.16,7.7,69.41
6.23,8.95,1.21,5.11,5.25,4.74,53.13
6.96,9.64,5.46,7.79,2.1,5.56,63.83
1.19,8.08,4.98,4.68,7.81,5.61,32.48
5.91,7.67,7.71,8.26,6.87,7.55,58.63
8.45,8.29,6.51,5.12,1.37,3.99,31.56
4.8,7.2,3.31,8.43,7.35,5.66,54.32
0.77,9.75,0.64,5.28,6.89,5.66,49.49
2.54,6.82,0.8,8.1,3.51,5.8,43.69
6.19,9.21,5.35,6.74,4.1,5.33,53.68
4.2,11.12,4.86,5.79,2.56,4.58,43.34
6.33,7.9,5.08,7.93,4.3,4.16,53.9
5.95,9.94,3.23,6.06,5.91,5.46,62.39
4.83,8.58,6.93,7.12,7.86,5.09,52.9
3.71,8.15,6.49,7.77,5.02,3.35,34.38
6.49,9.28,9.63,4.12,4.21,5.55,36.14
6.17,9.03,5.71,9.66,8.46,8.05,70.69
5.69,8.79,5.15,8.83,4.96,2.65,50.27
8.18,8.07,6.31,4.56,3.5,0.55,27.46
6.5,7.0,3.88,7.29,7.31,4.25,60.7
4.51,10.53,7.74,7.45,8.25,5.57,54.61
5.1,8.46,5.87,8.87,7.67,8.84,64.77
5.85,9.29,6.15,6.45,8.01,1.31,59.03
6.31,11.23,7.98,8.77,8.93,5.62,73.49
9.34,9.53,10.0,10.0,4.97,7.53,74.73
10.22,6.47,5.59,6.73,6.99,10.0,75.91
4.83,6.37,4.03,6.74,5.68,6.55,48.48
3.45,11.05,6.46,6.82,6.41,5.53,52.8
4.64,5.53,3.26,5.83,8.37,7.84,49.13
7.05,6.94,3.67,4.54,5.71,8.42,48.4
8.08,9.05,10.0,7.07,7.62,5.06,62.68
4.98,8.48,4.55,8.62,7.78,4.77,61.75
3.71,5.82,1.92,9.42,7.33,5.68,55.75
6.96,8.19,3.98,8.6,7.95,8.0,75.5
7.56,11.04,3.03,6.83,7.1,6.97,80.82
8.59,6.7,3.9,5.75,4.78,7.21,57.62
4.41,5.68,0.02,8.84,4.89,4.5,57.21
6.82,7.04,4.43,8.2,6.01,5.39,53.17
1.92,8.19,3.13,6.05,6.79,6.71,38.82
5.74,7.4,8.69,7.56,9.28,6.09,51.85
7.8,9.55,8.07,6.17,5.28,5.07,55.22
9.71,9.76,3.42,5.97,6.04,2.15,67.38
6.76,10.07,0.53,5.76,4.63,5.59,57.51
5.4,9.44,2.98,7.6,5.39,6.57,67.35
2.49,7.66,7.76,8.15,8.23,6.84,43.75
6.57,7.2,4.54,6.41,5.6,7.4,49.55
7.58,8.09,1.21,6.96,6.01,2.25,66.67
8.53,9.56,5.03,6.33,9.51,5.41,77.33
6.61,6.71,8.09,5.77,3.54,7.9,35.98
3.61,8.49,3.94,6.0,7.75,6.1,53.49
7.38,9.56,3.37,3.76,7.19,5.48,56.59
10.22,9.72,3.03,5.68,8.05,4.64,79.92
5.34,8.96,4.06,8.83,5.1,4.72,65.72
3.99,6.39,5.58,6.33,3.37,6.84,34.34
5.18,7.66,8.93,9.6,9.35,6.19,60.31
5.97,7.88,5.71,7.15,2.07,5.12,36.3
4.69,5.18,7.44,6.6,5.74,7.24,39.04
7.77,6.67,5.77,6.91,5.05,7.06,56.46
7.08,10.14,2.21,5.54,7.05,5.79,67.27
5.16,7.34,9.05,7.64,2.59,5.42,27.91
5.95,5.78,2.37,3.39,3.5,1.17,25.35
2.15,8.74,3.17,9.76,3.5,5.82,45.11
6.8,9.78,7.05,6.92,6.75,5.26,56.06
2.52,5.37,6.28,5.38,2.81,5.45,9.05
5.31,7.73,1.89,7.34,2.56,4.91,49.13
4.85,6.69,1.03,6.95,8.44,5.82,62.51
7.17,6.79,7.78,7.16,7.71,5.3,54.29
4.89,6.54,8.06,6.38,7.03,5.49,36.43
5.88,8.36,5.34,7.63,1.26,5.71,39.64
9.74,7.87,2.05,7.26,2.4,4.12,56.53
2.08,10.09,5.03,6.54,3.67,4.98,35.83
6.28,6.43,8.92,9.06,3.19,5.1,37.96
8.16,10.26,5.95,5.54,6.79,2.51,54.17
4.43,8.04,3.08,6.36,5.19,6.15,50.14
6.05,8.16,7.38,10.0,6.72,4.09,61.69
2.6,6.78,10.0,9.13,4.49,6.54,30.25
1.98,8.64,10.0,6.2,1.49,7.2,13.63
7.81,10.08,6.58,5.49,3.24,4.11,52.32
5.18,6.67,4.84,6.74,6.4,3.38,37.51
2.72,9.69,0.52,6.96,8.81,8.82,67.44
4.82,6.97,2.78,8.25,7.36,5.45,57.02
7.51,7.31,8.85,5.9,5.36,5.14,42.15
7.38,8.39,7.35,5.89,6.75,6.91,55.67
8.62,7.94,5.54,5.49,6.39,3.14,44.84
4.74,7.85,2.51,5.19,6.12,5.01,49.48
4.43,7.98,7.27,7.59,4.49,4.07,32.13
6.83,11.04,6.83,4.8,5.52,4.83,49.55
8.5,8.24,6.54,6.84,5.14,6.11,55.53
5.06,6.37,2.73,4.62,5.49,4.34,39.7
8.4,6.17,2.97,8.59,3.01,4.5,53.38
5.17,7.56,1.1,3.54,5.82,5.22,44.41
11.09,10.85,0.0,6.78,4.03,7.69,87.04
1.7,11.86,3.4,6.37,4.36,6.83,44.65
9.84,9.43,5.66,5.48,5.08,6.76,66.52
2.26,6.17,3.59,9.05,9.03,6.43,58.46
9.06,6.61,8.36,5.07,10.0,5.91,58.33
6.21,6.22,1.13,7.12,7.79,1.45,53.16
4.87,6.63,8.95,6.17,7.22,6.15,38.96
3.73,4.41,7.51,9.35,7.19,7.01,44.48
3.68,8.85,1.26,6.31,7.63,6.16,67.63
7.7,7.07,10.0,7.54,6.05,3.99,41.85
7.15,10.79,4.31,7.74,7.86,6.97,74.23
5.53,8.62,1.98,8.93,8.84,2.51,69.53
5.93,9.09,2.11,5.96,5.73,5.76,60.51
3.82,5.29,3.57,6.9,7.98,7.11,52.8
5.67,7.25,3.91,7.43,8.35,5.46,58.69
8.21,6.17,3.25,5.86,8.96,4.83,65.1
3.73,5.54,5.88,9.16,9.23,3.5,49.55
7.3,8.87,8.73,6.5,7.67,5.82,61.87
4.85,8.1,2.99,8.2,4.42,8.33,62.43
2.18,5.68,5.81,6.47,5.58,3.52,29.78
8.65,9.97,8.25,5.06,9.06,7.1,66.31
2.57,8.93,3.47,6.85,2.68,2.3,32.7
4.84,7.04,2.9,6.11,5.94,8.73,64.42
8.67,8.83,5.51,7.18,7.8,7.44,75.0
4.03,8.24,0.0,6.83,6.33,5.07,61.31
8.36,7.08,4.8,8.12,3.45,3.91,53.94
4.88,6.91,10.0,6.05,4.88,6.46,31.52
5.77,9.06,3.67,8.27,8.57,3.77,62.44
10.71,8.49,9.98,6.12,8.87,0.81,56.85
8.84,5.75,6.23,7.13,2.65,4.58,43.53
6.22,9.15,4.32,6.85,5.51,2.46,49.71
4.37,6.11,5.69,6.37,3.05,1.65,22.03
6.07,7.19,6.34,7.74,6.25,2.13,48.95
10.12,9.26,3.1,8.06,4.0,5.52,71.91
11.43,7.76,0.62,9.1,6.21,6.13,97.93
4.45,9.34,4.18,4.87,4.13,2.28,36.9
9.61,10.87,2.9,10.0,7.72,4.29,86.13
2.06,6.91,6.84,8.19,4.78,7.06,35.73
7.47,8.92,7.04,7.44,4.46,6.37,58.0
6.94,9.31,3.67,7.98,4.03,4.04,59.7
8.6,9.88,6.57,7.85,3.24,1.48,40.81
3.92,8.2,6.26,9.22,3.22,7.65,45.65
6.37,6.66,0.0,6.4,3.86,2.32,50.87
1.35,5.7,7.9,4.5,5.52,4.27,8.74
4.42,9.11,0.89,4.97,3.44,0.69,34.01
5.96,9.53,4.3,6.83,4.41,2.73,45.79
6.49,9.49,9.81,7.81,8.08,4.63,58.38
12.98,8.99,7.51,6.19,8.43,5.58,85.99
4.73,6.44,1.01,5.41,2.95,9.07,47.31
6.05,9.43,5.21,5.07,8.75,7.16,70.78
3.12,5.13,5.13,8.61,6.36,5.85,35.33
1.28,9.17,5.82,9.87,7.22,2.55,43.89
8.25,6.41,0.9,7.97,9.88,1.36,76.38
8.26,6.32,10.0,6.1,6.84,7.76,51.15
2.56,5.87,6.31,4.9,1.04,10.0,17.54
1.78,5.21,5.39,6.29,5.6,1.34,16.13
4.41,9.37,7.84,7.87,6.98,6.95,51.96
10.17,5.97,4.44,8.46,6.34,3.61,67.02
